3.17391,-14.232,-5.72456,53259,1.2922e+09
3.17391,-14.232,-5.72456,53260,1.2922e+09
3.17391,-14.232,-5.72456,53261,1.2922e+09
3.17391,-14.232,-5.72456,53262,1.2922e+09
3.17391,-14.232,-5.72456,53263,1.2922e+09
3.17391,-14.232,-5.72456,53264,1.2922e+09
3.17391,-14.232,-5.72456,53265,1.2922e+09
3.17391,-14.232,-5.72456,53266,1.2922e+09
3.17391,-14.232,-5.72456,53267,1.2922e+09
3.17391,-14.232,-5.72456,53268,1.2922e+09
3.17391,-14.232,-5.72456,53269,1.2922e+09
3.17391,-14.232,-5.72456,53270,1.2922e+09
3.17391,-14.232,-5.72456,53271,1.2922e+09
3.17391,-14.232,-5.72456,53272,1.2922e+09
3.17391,-14.232,-5.72456,53273,1.2922e+09
3.17391,-14.232,-5.72456,53274,1.2922e+09
3.17391,-14.232,-5.72456,53275,1.2922e+09
3.17391,-14.232,-5.72456,53276,1.2922e+09
3.17391,-14.232,-5.72456,53277,1.2922e+09
3.17391,-14.232,-5.72456,53278,1.2922e+09
3.17391,-14.232,-5.72456,53279,1.2922e+09
3.17391,-14.232,-5.72456,53280,1.2922e+09
3.17391,-14.232,-5.72456,53281,1.2922e+09
3.17391,-14.232,-5.72456,53283,1.2922e+09
3.17391,-14.232,-5.72456,53284,1.2922e+09
3.17391,-14.232,-5.72456,53285,1.2922e+09
3.17391,-14.232,-5.72456,53286,1.2922e+09
3.17391,-14.232,-5.72456,53287,1.2922e+09
3.17391,-14.232,-5.72456,53288,1.2922e+09
3.17391,-14.232,-5.72456,53289,1.2922e+09
3.17391,-14.232,-5.72456,53290,1.2922e+09
3.17391,-14.232,-5.72456,53291,1.2922e+09
3.17391,-14.232,-5.72456,53292,1.2922e+09
3.17391,-14.232,-5.72456,53293,1.2922e+09
3.17391,-14.232,-5.72456,53294,1.2922e+09
3.17391,-14.232,-5.72456,53295,1.2922e+09
3.17391,-14.232,-5.72456,53296,1.2922e+09
3.17391,-14.232,-5.72456,53297,1.2922e+09
3.17391,-14.232,-5.72456,53298,1.2922e+09
3.17391,-14.232,-5.72456,53299,1.2922e+09
3.17391,-14.232,-5.72456,53300,1.2922e+09
3.17391,-14.232,-5.72456,53301,1.2922e+09
3.17391,-14.232,-5.72456,53302,1.2922e+09
3.17391,-14.232,-5.72456,53303,1.2922e+09
3.17391,-14.232,-5.72456,53304,1.2922e+09
3.17391,-14.232,-5.72456,53305,1.2922e+09
3.17391,-14.232,-5.72456,53306,1.2922e+09
3.17391,-14.232,-5.72456,53307,1.2922e+09
3.17391,-14.232,-5.72456,53308,1.2922e+09
3.17391,-14.232,-5.72456,53309,1.2922e+09
3.17391,-14.232,-5.72456,53310,1.2922e+09
3.17391,-14.232,-5.72456,53311,1.2922e+09
3.17391,-14.232,-5.72456,53312,1.2922e+09
3.17391,-14.232,-5.72456,53313,1.2922e+09
3.17391,-14.232,-5.72456,53314,1.2922e+09
3.17391,-14.232,-5.72456,53315,1.2922e+09
3.17391,-14.232,-5.72456,53316,1.2922e+09
3.17391,-14.232,-5.72456,53317,1.2922e+09
3.17391,-14.232,-5.72456,53318,1.2922e+09
3.17391,-14.232,-5.72456,53319,1.2922e+09
3.17391,-14.232,-5.72456,53320,1.2922e+09
3.17391,-14.232,-5.72456,53321,1.2922e+09
3.17391,-14.232,-5.72456,53322,1.2922e+09
3.17391,-14.232,-5.72456,53323,1.2922e+09
3.17391,-14.232,-5.72456,53324,1.2922e+09
3.17391,-14.232,-5.72456,53325,1.2922e+09
3.17391,-14.232,-5.72456,53326,1.2922e+09
3.17391,-14.232,-5.72456,53327,1.2922e+09
3.17391,-14.232,-5.72456,53328,1.2922e+09
3.17391,-14.232,-5.72456,53329,1.2922e+09
3.17391,-14.232,-5.72456,53330,1.2922e+09
3.17391,-14.232,-5.72456,53331,1.2922e+09
3.17391,-14.232,-5.72456,53332,1.2922e+09
3.17391,-14.232,-5.72456,53333,1.2922e+09
3.17391,-14.232,-5.72456,53334,1.2922e+09
3.17391,-14.232,-5.72456,53335,1.2922e+09
3.17391,-14.232,-5.72456,53336,1.2922e+09
3.17391,-14.232,-5.72456,53337,1.2922e+09
3.17391,-14.232,-5.72456,53338,1.2922e+09
3.17391,-14.232,-5.72456,53339,1.2922e+09
3.17391,-14.232,-5.72456,53340,1.2922e+09
3.17391,-14.232,-5.72456,53341,1.2922e+09
3.17391,-14.232,-5.72456,53342,1.2922e+09
3.17391,-14.232,-5.72456,53343,1.2922e+09
3.17391,-14.232,-5.72456,53344,1.2922e+09
3.17391,-14.232,-5.72456,53345,1.2922e+09
3.17391,-14.232,-5.72456,53346,1.2922e+09
3.17391,-14.232,-5.72456,53347,1.2922e+09
3.17391,-14.232,-5.72456,53348,1.2922e+09
3.17391,-14.232,-5.72456,53349,1.2922e+09
3.17391,-14.232,-5.72456,53350,1.2922e+09
3.17391,-14.232,-5.72456,53351,1.2922e+09
3.17391,-14.232,-5.72456,53352,1.2922e+09
3.17391,-14.232,-5.72456,53353,1.2922e+09
3.17391,-14.232,-5.72456,53354,1.2922e+09
3.17391,-14.232,-5.72456,53355,1.2922e+09
3.17391,-14.232,-5.72456,53356,1.2922e+09
3.17391,-14.232,-5.72456,53357,1.2922e+09
3.17391,-14.232,-5.72456,53358,1.2922e+09
3.17391,-14.232,-5.72456,53359,1.2922e+09
3.17391,-14.232,-5.72456,53360,1.2922e+09
3.17391,-14.232,-5.72456,53361,1.2922e+09
3.17391,-14.232,-5.72456,53362,1.2922e+09
3.17391,-14.232,-5.72456,53363,1.2922e+09
3.17391,-14.232,-5.72456,53364,1.2922e+09
3.17391,-14.232,-5.72456,53365,1.2922e+09
3.17391,-14.232,-5.72456,53366,1.2922e+09
3.17391,-14.232,-5.72456,53367,1.2922e+09
3.17391,-14.232,-5.72456,53368,1.2922e+09
3.17391,-14.232,-5.72456,53369,1.2922e+09
3.17391,-14.232,-5.72456,53370,1.2922e+09
3.17391,-14.232,-5.72456,53371,1.2922e+09
3.17391,-14.232,-5.72456,53372,1.2922e+09
3.17391,-14.232,-5.72456,53373,1.2922e+09
3.17391,-14.232,-5.72456,53374,1.2922e+09
3.17391,-14.232,-5.72456,53375,1.2922e+09
3.17391,-14.232,-5.72456,53376,1.2922e+09
3.17391,-14.232,-5.72456,53377,1.2922e+09
3.17391,-14.232,-5.72456,53378,1.2922e+09
3.17391,-14.232,-5.72456,53379,1.2922e+09
3.17391,-14.232,-5.72456,53380,1.2922e+09
3.17391,-14.232,-5.72456,53381,1.2922e+09
3.17391,-14.232,-5.72456,53382,1.2922e+09
3.17391,-14.232,-5.72456,53383,1.2922e+09
3.17391,-14.232,-5.72456,53384,1.2922e+09
3.17391,-14.232,-5.72456,53385,1.2922e+09
3.17391,-14.232,-5.72456,53386,1.2922e+09
3.17391,-14.232,-5.72456,53387,1.2922e+09
3.17391,-14.232,-5.72456,53388,1.2922e+09
3.17391,-14.232,-5.72456,53389,1.2922e+09
3.17391,-14.232,-5.72456,53390,1.2922e+09
3.17391,-14.232,-5.72456,53391,1.2922e+09
3.17391,-14.232,-5.72456,53392,1.2922e+09
3.17428,-14.2317,-5.72369,53393,1.2922e+09
3.17428,-14.2317,-5.72331,53394,1.2922e+09
3.17502,-14.2313,-5.72315,53395,1.2922e+09
3.17613,-14.2306,-5.72046,53396,1.2922e+09
3.17724,-14.2299,-5.71841,53397,1.2922e+09
3.17982,-14.2283,-5.71491,53398,1.2922e+09
3.18276,-14.2264,-5.70815,53399,1.2922e+09
3.18789,-14.223,-5.70172,53400,1.2922e+09
3.1919,-14.2204,-5.69455,53401,1.2922e+09
3.19771,-14.2165,-5.68795,53402,1.2922e+09
3.20314,-14.2129,-5.68072,53403,1.2922e+09
3.20925,-14.2087,-5.67321,53404,1.2922e+09
3.21605,-14.2039,-5.66559,53405,1.2922e+09
3.22389,-14.1983,-5.65706,53406,1.2922e+09
3.23167,-14.1927,-5.64812,53407,1.2922e+09
3.23941,-14.187,-5.639,53408,1.2922e+09
3.24849,-14.1802,-5.62981,53409,1.2922e+09
3.25785,-14.173,-5.61973,53410,1.2922e+09
3.26783,-14.1652,-5.60925,53411,1.2922e+09
3.27772,-14.1573,-5.5986,53412,1.2922e+09
3.28821,-14.1488,-5.58787,53413,1.2922e+09
3.29861,-14.1401,-5.57712,53414,1.2922e+09
3.30924,-14.131,-5.56548,53415,1.2922e+09
3.32043,-14.1212,-5.55346,53416,1.2922e+09
3.33117,-14.1116,-5.54214,53417,1.2922e+09
3.34277,-14.101,-5.53026,53418,1.2922e+09
3.35392,-14.0906,-5.51901,53419,1.2922e+09
3.36496,-14.08,-5.50803,53420,1.2922e+09
3.37682,-14.0684,-5.49806,53421,1.2922e+09
3.38763,-14.0576,-5.48764,53422,1.2922e+09
3.39894,-14.046,-5.47703,53423,1.2922e+09
3.41013,-14.0344,-5.46808,53424,1.2922e+09
3.42151,-14.0223,-5.459,53425,1.2922e+09
3.43279,-14.0101,-5.44985,53426,1.2922e+09
3.44365,-13.9981,-5.44154,53427,1.2922e+09
3.455,-13.9854,-5.43361,53428,1.2922e+09
3.46625,-13.9726,-5.42585,53429,1.2922e+09
3.4774,-13.9598,-5.41815,53430,1.2922e+09
3.48845,-13.9468,-5.41049,53431,1.2922e+09
3.49912,-13.9341,-5.40371,53432,1.2922e+09
3.51054,-13.9203,-5.3982,53433,1.2922e+09
3.52106,-13.9074,-5.39237,53434,1.2922e+09
3.53204,-13.8938,-5.38639,53435,1.2922e+09
3.54295,-13.8802,-5.38036,53436,1.2922e+09
3.5535,-13.8668,-5.37517,53437,1.2922e+09
3.56426,-13.853,-5.36948,53438,1.2922e+09
3.5752,-13.8389,-5.3662,53439,1.2922e+09
3.58556,-13.8253,-5.36221,53440,1.2922e+09
3.5964,-13.8111,-5.35793,53441,1.2922e+09
3.60718,-13.7968,-5.35525,53442,1.2922e+09
3.61792,-13.7824,-5.35154,53443,1.2922e+09
3.6286,-13.768,-5.34912,53444,1.2922e+09
3.63925,-13.7536,-5.34727,53445,1.2922e+09
3.64988,-13.7392,-5.34567,53446,1.2922e+09
3.66022,-13.7251,-5.34504,53447,1.2922e+09
3.6703,-13.7114,-5.34572,53448,1.2922e+09
3.68116,-13.6966,-5.3461,53449,1.2922e+09
3.69099,-13.6832,-5.34809,53450,1.2922e+09
3.70137,-13.6691,-5.35078,53451,1.2922e+09
3.71179,-13.6551,-5.35379,53452,1.2922e+09
3.72173,-13.6418,-5.35868,53453,1.2922e+09
3.73226,-13.6278,-5.3644,53454,1.2922e+09
3.7426,-13.6143,-5.37134,53455,1.2922e+09
3.75277,-13.6012,-5.37971,53456,1.2922e+09
3.76278,-13.5885,-5.38781,53457,1.2922e+09
3.77289,-13.5758,-5.39755,53458,1.2922e+09
3.78285,-13.5636,-5.40713,53459,1.2922e+09
3.79292,-13.5516,-5.41839,53460,1.2922e+09
3.80314,-13.5396,-5.43039,53461,1.2922e+09
3.8132,-13.5281,-5.44183,53462,1.2922e+09
3.82369,-13.5163,-5.4539,53463,1.2922e+09
3.83373,-13.5054,-5.46799,53464,1.2922e+09
3.84422,-13.4942,-5.4821,53465,1.2922e+09
3.85487,-13.4832,-5.49621,53466,1.2922e+09
3.86537,-13.4727,-5.5112,53467,1.2922e+09
3.87571,-13.4626,-5.52744,53468,1.2922e+09
3.88621,-13.4527,-5.54249,53469,1.2922e+09
3.89686,-13.443,-5.55876,53470,1.2922e+09
3.90701,-13.434,-5.57556,53471,1.2922e+09
3.91798,-13.4246,-5.5926,53472,1.2922e+09
3.9291,-13.4154,-5.60974,53473,1.2922e+09
3.94004,-13.4067,-5.62779,53474,1.2922e+09
3.95114,-13.3982,-5.64625,53475,1.2922e+09
3.96204,-13.3901,-5.66401,53476,1.2922e+09
3.97379,-13.3817,-5.68322,53477,1.2922e+09
3.98462,-13.3743,-5.70218,53478,1.2922e+09
3.99559,-13.3671,-5.72103,53479,1.2922e+09
4.00669,-13.3601,-5.74158,53480,1.2922e+09
4.01793,-13.3534,-5.76113,53481,1.2922e+09
4.02968,-13.3466,-5.78111,53482,1.2922e+09
4.04119,-13.3403,-5.80041,53483,1.2922e+09
4.05242,-13.3344,-5.82028,53484,1.2922e+09
4.06455,-13.3284,-5.84041,53485,1.2922e+09
4.07601,-13.3229,-5.86064,53486,1.2922e+09
4.08758,-13.3177,-5.88092,53487,1.2922e+09
4.09966,-13.3126,-5.90035,53488,1.2922e+09
4.11183,-13.3077,-5.91941,53489,1.2922e+09
4.12409,-13.303,-5.9383,53490,1.2922e+09
4.13684,-13.2984,-5.9545,53491,1.2922e+09
4.14968,-13.2941,-5.97127,53492,1.2922e+09
4.16341,-13.2896,-5.98655,53493,1.2922e+09
4.17721,-13.2854,-6.00117,53494,1.2922e+09
4.19064,-13.2815,-6.01463,53495,1.2922e+09
4.20413,-13.2778,-6.02583,53496,1.2922e+09
4.21808,-13.2741,-6.03692,53497,1.2922e+09
4.2325,-13.2705,-6.04709,53498,1.2922e+09
4.24652,-13.2671,-6.05598,53499,1.2922e+09
4.261,-13.2638,-6.06518,53500,1.2922e+09
4.27594,-13.2605,-6.07365,53501,1.2922e+09
4.2909,-13.2573,-6.0818,53502,1.2922e+09
4.30632,-13.2542,-6.08894,53503,1.2922e+09
4.32176,-13.2511,-6.09563,53504,1.2922e+09
4.33765,-13.2481,-6.10125,53505,1.2922e+09
4.35269,-13.2453,-6.10641,53506,1.2922e+09
4.36775,-13.2426,-6.11136,53507,1.2922e+09
4.38325,-13.24,-6.11534,53508,1.2922e+09
4.39919,-13.2373,-6.11804,53509,1.2922e+09
4.41471,-13.2347,-6.12103,53510,1.2922e+09
4.4311,-13.232,-6.12417,53511,1.2922e+09
4.44663,-13.2295,-6.12736,53512,1.2922e+09
4.46217,-13.2271,-6.12883,53513,1.2922e+09
4.47815,-13.2246,-6.13042,53514,1.2922e+09
4.4937,-13.2222,-6.13119,53515,1.2922e+09
4.50924,-13.2198,-6.13159,53516,1.2922e+09
4.52523,-13.2173,-6.13272,53517,1.2922e+09
4.54035,-13.2151,-6.13241,53518,1.2922e+09
4.55676,-13.2126,-6.13234,53519,1.2922e+09
4.57275,-13.2101,-6.13152,53520,1.2922e+09
4.5883,-13.2078,-6.13122,53521,1.2922e+09
4.60428,-13.2053,-6.13029,53522,1.2922e+09
4.61982,-13.2029,-6.12996,53523,1.2922e+09
4.6358,-13.2004,-6.12901,53524,1.2922e+09
4.65178,-13.198,-6.12779,53525,1.2922e+09
4.66732,-13.1955,-6.12558,53526,1.2922e+09
4.68242,-13.1931,-6.12381,53527,1.2922e+09
4.69752,-13.1907,-6.12223,53528,1.2922e+09
4.71304,-13.1882,-6.11986,53529,1.2922e+09
4.72856,-13.1856,-6.11714,53530,1.2922e+09
4.74321,-13.1832,-6.11427,53531,1.2922e+09
4.75958,-13.1804,-6.11134,53532,1.2922e+09
4.77508,-13.1777,-6.10838,53533,1.2922e+09
4.791,-13.1749,-6.10454,53534,1.2922e+09
4.80604,-13.1722,-6.1003,53535,1.2922e+09
4.82151,-13.1693,-6.09676,53536,1.2922e+09
4.83653,-13.1665,-6.09266,53537,1.2922e+09
4.85112,-13.1637,-6.08919,53538,1.2922e+09
4.86698,-13.1605,-6.08511,53539,1.2922e+09
4.88155,-13.1576,-6.08165,53540,1.2922e+09
4.89653,-13.1546,-6.07758,53541,1.2922e+09
4.9115,-13.1514,-6.07324,53542,1.2922e+09
4.92688,-13.1482,-6.06967,53543,1.2922e+09
4.94182,-13.1449,-6.06555,53544,1.2922e+09
4.95675,-13.1416,-6.06119,53545,1.2922e+09
4.97167,-13.1382,-6.05673,53546,1.2922e+09
4.98657,-13.1348,-6.05397,53547,1.2922e+09
5.00146,-13.1313,-6.05021,53548,1.2922e+09
5.01634,-13.1278,-6.04601,53549,1.2922e+09
5.0312,-13.1242,-6.04336,53550,1.2922e+09
5.04606,-13.1206,-6.03965,53551,1.2922e+09
5.06132,-13.1168,-6.03635,53552,1.2922e+09
5.07657,-13.1129,-6.03322,53553,1.2922e+09
5.09139,-13.1092,-6.0293,53554,1.2922e+09
5.10661,-13.1052,-6.02591,53555,1.2922e+09
5.12182,-13.1012,-6.02274,53556,1.2922e+09
5.13702,-13.0972,-6.01793,53557,1.2922e+09
5.1522,-13.093,-6.01589,53558,1.2922e+09
5.16695,-13.089,-6.01245,53559,1.2922e+09
5.18253,-13.0847,-6.00839,53560,1.2922e+09
5.19766,-13.0804,-6.00494,53561,1.2922e+09
5.21321,-13.076,-6.00262,53562,1.2922e+09
5.22832,-13.0716,-5.99993,53563,1.2922e+09
5.24384,-13.0671,-5.9962,53564,1.2922e+09
5.25935,-13.0625,-5.99377,53565,1.2922e+09
5.274,-13.0582,-5.99015,53566,1.2922e+09
5.28948,-13.0535,-5.98776,53567,1.2922e+09
5.30453,-13.0489,-5.98504,53568,1.2922e+09
5.3204,-13.044,-5.98218,53569,1.2922e+09
5.33584,-13.0392,-5.97837,53570,1.2922e+09
5.35084,-13.0345,-5.97503,53571,1.2922e+09
5.36583,-13.0297,-5.97189,53572,1.2922e+09
5.38122,-13.0248,-5.96796,53573,1.2922e+09
5.39617,-13.0199,-5.96282,53574,1.2922e+09
5.41151,-13.0148,-5.95801,53575,1.2922e+09
5.42683,-13.0097,-5.95336,53576,1.2922e+09
5.44212,-13.0044,-5.94877,53577,1.2922e+09
5.4578,-12.999,-5.9416,53578,1.2922e+09
5.47303,-12.9936,-5.9359,53579,1.2922e+09
5.48823,-12.9881,-5.92911,53580,1.2922e+09
5.50339,-12.9825,-5.92184,53581,1.2922e+09
5.51892,-12.9766,-5.91349,53582,1.2922e+09
5.53399,-12.9708,-5.90553,53583,1.2922e+09
5.54901,-12.9648,-5.89775,53584,1.2922e+09
5.56398,-12.9587,-5.8883,53585,1.2922e+09
5.5785,-12.9527,-5.87898,53586,1.2922e+09
5.59336,-12.9463,-5.86886,53587,1.2922e+09
5.60775,-12.94,-5.85925,53588,1.2922e+09
5.62208,-12.9335,-5.84812,53589,1.2922e+09
5.63634,-12.9269,-5.83633,53590,1.2922e+09
5.65131,-12.9197,-5.82424,53591,1.2922e+09
5.66579,-12.9126,-5.81116,53592,1.2922e+09
5.6798,-12.9054,-5.79851,53593,1.2922e+09
5.6941,-12.8979,-5.78517,53594,1.2922e+09
5.70829,-12.8902,-5.77154,53595,1.2922e+09
5.722,-12.8825,-5.75864,53596,1.2922e+09
5.73599,-12.8744,-5.7452,53597,1.2922e+09
5.74949,-12.8663,-5.73065,53598,1.2922e+09
5.76287,-12.8581,-5.71561,53599,1.2922e+09
5.77649,-12.8494,-5.70122,53600,1.2922e+09
5.78999,-12.8405,-5.68538,53601,1.2922e+09
5.80335,-12.8314,-5.67065,53602,1.2922e+09
5.81657,-12.8221,-5.65641,53603,1.2922e+09
5.82965,-12.8126,-5.64063,53604,1.2922e+09
5.84224,-12.8032,-5.62505,53605,1.2922e+09
5.85468,-12.7936,-5.60955,53606,1.2922e+09
5.86696,-12.7838,-5.5941,53607,1.2922e+09
5.8791,-12.7738,-5.57866,53608,1.2922e+09
5.89108,-12.7636,-5.56323,53609,1.2922e+09
5.90289,-12.7532,-5.5478,53610,1.2922e+09
5.9152,-12.7421,-5.53238,53611,1.2922e+09
5.92701,-12.7311,-5.51783,53612,1.2922e+09
5.93898,-12.7196,-5.50279,53613,1.2922e+09
5.95015,-12.7085,-5.48754,53614,1.2922e+09
5.96177,-12.6967,-5.47219,53615,1.2922e+09
5.9729,-12.685,-5.45768,53616,1.2922e+09
5.98386,-12.6731,-5.44353,53617,1.2922e+09
5.99406,-12.6617,-5.42953,53618,1.2922e+09
6.00497,-12.6492,-5.41474,53619,1.2922e+09
6.01513,-12.6372,-5.40134,53620,1.2922e+09
6.02568,-12.6244,-5.38855,53621,1.2922e+09
6.03606,-12.6114,-5.37603,53622,1.2922e+09
6.04602,-12.5987,-5.3645,53623,1.2922e+09
6.05609,-12.5855,-5.35254,53624,1.2922e+09
6.066,-12.5722,-5.34213,53625,1.2922e+09
6.07578,-12.5588,-5.3324,53626,1.2922e+09
6.08517,-12.5456,-5.32384,53627,1.2922e+09
6.0947,-12.532,-5.31492,53628,1.2922e+09
6.10436,-12.518,-5.30847,53629,1.2922e+09
6.11343,-12.5046,-5.30135,53630,1.2922e+09
6.12314,-12.4901,-5.29481,53631,1.2922e+09
6.13203,-12.4766,-5.2894,53632,1.2922e+09
6.14132,-12.4623,-5.28448,53633,1.2922e+09
6.15031,-12.4484,-5.27891,53634,1.2922e+09
6.15922,-12.4344,-5.27479,53635,1.2922e+09
6.16808,-12.4203,-5.27132,53636,1.2922e+09
6.17711,-12.4059,-5.269,53637,1.2922e+09
6.18611,-12.3914,-5.26544,53638,1.2922e+09
6.1946,-12.3776,-5.26308,53639,1.2922e+09
6.20352,-12.3631,-5.26124,53640,1.2922e+09
6.21218,-12.349,-5.25877,53641,1.2922e+09
6.22058,-12.3351,-5.25863,53642,1.2922e+09
6.22921,-12.321,-5.2569,53643,1.2922e+09
6.23781,-12.3068,-5.25621,53644,1.2922e+09
6.24663,-12.2922,-5.25686,53645,1.2922e+09
6.25523,-12.278,-5.25722,53646,1.2922e+09
6.26406,-12.2634,-5.25833,53647,1.2922e+09
6.27314,-12.2485,-5.25889,53648,1.2922e+09
6.28177,-12.2343,-5.26096,53649,1.2922e+09
6.29066,-12.2197,-5.26282,53650,1.2922e+09
6.29957,-12.2052,-5.26459,53651,1.2922e+09
6.30851,-12.1907,-5.26631,53652,1.2922e+09
6.31701,-12.1769,-5.26801,53653,1.2922e+09
6.32623,-12.1621,-5.27058,53654,1.2922e+09
6.33526,-12.1476,-5.27266,53655,1.2922e+09
6.34409,-12.1336,-5.27539,53656,1.2922e+09
6.35342,-12.1188,-5.27841,53657,1.2922e+09
6.36232,-12.1048,-5.28156,53658,1.2922e+09
6.37174,-12.09,-5.28477,53659,1.2922e+09
6.38097,-12.0757,-5.28712,53660,1.2922e+09
6.39024,-12.0614,-5.29085,53661,1.2922e+09
6.39956,-12.0471,-5.29518,53662,1.2922e+09
6.40846,-12.0336,-5.29803,53663,1.2922e+09
6.41788,-12.0194,-5.30197,53664,1.2922e+09
6.42711,-12.0056,-5.30552,53665,1.2922e+09
6.43639,-11.9919,-5.3089,53666,1.2922e+09
6.44597,-11.9778,-5.31308,53667,1.2922e+09
6.4556,-11.9637,-5.3176,53668,1.2922e+09
6.46555,-11.9493,-5.32141,53669,1.2922e+09
6.47505,-11.9357,-5.32491,53670,1.2922e+09
6.48485,-11.9218,-5.32913,53671,1.2922e+09
6.4947,-11.9079,-5.33368,53672,1.2922e+09
6.50437,-11.8944,-5.3375,53673,1.2922e+09
6.51434,-11.8805,-5.34187,53674,1.2922e+09
6.52386,-11.8675,-5.34473,53675,1.2922e+09
6.53368,-11.8541,-5.34955,53676,1.2922e+09
6.54382,-11.8404,-5.35262,53677,1.2922e+09
6.554,-11.8267,-5.35666,53678,1.2922e+09
6.56424,-11.8131,-5.35938,53679,1.2922e+09
6.57451,-11.7995,-5.36327,53680,1.2922e+09
6.58457,-11.7863,-5.36679,53681,1.2922e+09
6.59521,-11.7724,-5.37016,53682,1.2922e+09
6.6051,-11.7596,-5.37434,53683,1.2922e+09
6.61531,-11.7465,-5.37799,53684,1.2922e+09
6.62556,-11.7334,-5.38141,53685,1.2922e+09
6.63559,-11.7207,-5.38385,53686,1.2922e+09
6.64592,-11.7077,-5.38674,53687,1.2922e+09
6.65629,-11.6948,-5.38983,53688,1.2922e+09
6.66725,-11.6812,-5.39301,53689,1.2922e+09
6.67797,-11.6679,-5.39536,53690,1.2922e+09
6.68845,-11.655,-5.39821,53691,1.2922e+09
6.69924,-11.6418,-5.40041,53692,1.2922e+09
6.71007,-11.6287,-5.40232,53693,1.2922e+09
6.72064,-11.6159,-5.40498,53694,1.2922e+09
6.73152,-11.6027,-5.4071,53695,1.2922e+09
6.74243,-11.5897,-5.40897,53696,1.2922e+09
6.7528,-11.5773,-5.41074,53697,1.2922e+09
6.76348,-11.5645,-5.41334,53698,1.2922e+09
6.77447,-11.5515,-5.41543,53699,1.2922e+09
6.78549,-11.5385,-5.41729,53700,1.2922e+09
6.79625,-11.5259,-5.41993,53701,1.2922e+09
6.80704,-11.5132,-5.42291,53702,1.2922e+09
6.81759,-11.501,-5.42516,53703,1.2922e+09
6.82845,-11.4884,-5.42797,53704,1.2922e+09
6.83877,-11.4765,-5.42927,53705,1.2922e+09
6.84939,-11.4644,-5.43254,53706,1.2922e+09
6.86063,-11.4515,-5.43492,53707,1.2922e+09
6.87133,-11.4394,-5.43866,53708,1.2922e+09
6.88235,-11.427,-5.44212,53709,1.2922e+09
6.89343,-11.4146,-5.44545,53710,1.2922e+09
6.90454,-11.4023,-5.44874,53711,1.2922e+09
6.9154,-11.3903,-5.45287,53712,1.2922e+09
6.92631,-11.3784,-5.45738,53713,1.2922e+09
6.93727,-11.3665,-5.46204,53714,1.2922e+09
6.94859,-11.3543,-5.46591,53715,1.2922e+09
6.95905,-11.3432,-5.47029,53716,1.2922e+09
6.97017,-11.3314,-5.47491,53717,1.2922e+09
6.98164,-11.3194,-5.4805,53718,1.2922e+09
6.99287,-11.3078,-5.48565,53719,1.2922e+09
7.00417,-11.2962,-5.49059,53720,1.2922e+09
7.01552,-11.2847,-5.4972,53721,1.2922e+09
7.02726,-11.2729,-5.50367,53722,1.2922e+09
7.03845,-11.2619,-5.51007,53723,1.2922e+09
7.05003,-11.2506,-5.51731,53724,1.2922e+09
7.06105,-11.24,-5.52492,53725,1.2922e+09
7.07279,-11.2289,-5.5327,53726,1.2922e+09
7.08462,-11.2178,-5.54055,53727,1.2922e+09
7.09589,-11.2075,-5.54843,53728,1.2922e+09
7.10822,-11.1964,-5.55719,53729,1.2922e+09
7.11999,-11.1859,-5.56635,53730,1.2922e+09
7.13119,-11.1761,-5.57567,53731,1.2922e+09
7.14382,-11.1653,-5.58507,53732,1.2922e+09
7.15554,-11.1555,-5.59537,53733,1.2922e+09
7.16736,-11.1458,-5.60607,53734,1.2922e+09
7.17928,-11.1362,-5.61695,53735,1.2922e+09
7.19165,-11.1265,-5.62702,53736,1.2922e+09
7.20412,-11.1169,-5.6385,53737,1.2922e+09
7.2167,-11.1074,-5.65059,53738,1.2922e+09
7.22904,-11.0984,-5.66207,53739,1.2922e+09
7.24113,-11.0897,-5.67416,53740,1.2922e+09
7.25404,-11.0807,-5.68651,53741,1.2922e+09
7.2667,-11.0721,-5.69811,53742,1.2922e+09
7.27909,-11.0639,-5.71025,53743,1.2922e+09
7.29195,-11.0556,-5.7235,53744,1.2922e+09
7.30455,-11.0477,-5.73636,53745,1.2922e+09
7.31724,-11.04,-5.74906,53746,1.2922e+09
7.33041,-11.0322,-5.76255,53747,1.2922e+09
7.34331,-11.0248,-5.77552,53748,1.2922e+09
7.3563,-11.0176,-5.79001,53749,1.2922e+09
7.36939,-11.0106,-5.80341,53750,1.2922e+09
7.38219,-11.0039,-5.81721,53751,1.2922e+09
7.39547,-10.9972,-5.83031,53752,1.2922e+09
7.40884,-10.9907,-5.84486,53753,1.2922e+09
7.42191,-10.9846,-5.85916,53754,1.2922e+09
7.43506,-10.9787,-5.87336,53755,1.2922e+09
7.44789,-10.9731,-5.88838,53756,1.2922e+09
7.46161,-10.9674,-5.90201,53757,1.2922e+09
7.475,-10.962,-5.91592,53758,1.2922e+09
7.48847,-10.9568,-5.92994,53759,1.2922e+09
7.50242,-10.9517,-5.94314,53760,1.2922e+09
7.51684,-10.9466,-5.95685,53761,1.2922e+09
7.53051,-10.9419,-5.96904,53762,1.2922e+09
7.54465,-10.9373,-5.98144,53763,1.2922e+09
7.55842,-10.9331,-5.99305,53764,1.2922e+09
7.57308,-10.9287,-6.00607,53765,1.2922e+09
7.5878,-10.9245,-6.01796,53766,1.2922e+09
7.60172,-10.9207,-6.02936,53767,1.2922e+09
7.61653,-10.9169,-6.04053,53768,1.2922e+09
7.63138,-10.9132,-6.05161,53769,1.2922e+09
7.64628,-10.9097,-6.06265,53770,1.2922e+09
7.66163,-10.9062,-6.0728,53771,1.2922e+09
7.67617,-10.9031,-6.08256,53772,1.2922e+09
7.69116,-10.9001,-6.09302,53773,1.2922e+09
7.70661,-10.8971,-6.10291,53774,1.2922e+09
7.7221,-10.8943,-6.11256,53775,1.2922e+09
7.73717,-10.8917,-6.12123,53776,1.2922e+09
7.75313,-10.8891,-6.12947,53777,1.2922e+09
7.76825,-10.8867,-6.13751,53778,1.2922e+09
7.78425,-10.8844,-6.14548,53779,1.2922e+09
7.79984,-10.8822,-6.15254,53780,1.2922e+09
7.96154,-10.8656,-6.20639,53790,1.2922e+09
7.9781,-10.8643,-6.20973,53791,1.2922e+09
7.99422,-10.8631,-6.21215,53792,1.2922e+09
8.01079,-10.8619,-6.21503,53793,1.2922e+09
8.02823,-10.8608,-6.21637,53794,1.2922e+09
8.04436,-10.8597,-6.2179,53795,1.2922e+09
8.0618,-10.8585,-6.21865,53796,1.2922e+09
8.07837,-10.8575,-6.21905,53797,1.2922e+09
8.09494,-10.8564,-6.2193,53798,1.2922e+09
8.11238,-10.8553,-6.21949,53799,1.2922e+09
8.12852,-10.8543,-6.21877,53800,1.2922e+09
8.14509,-10.8532,-6.21853,53801,1.2922e+09
8.16296,-10.852,-6.21764,53802,1.2922e+09
8.17953,-10.8509,-6.21732,53803,1.2922e+09
8.19697,-10.8498,-6.21551,53804,1.2922e+09
8.21397,-10.8486,-6.21392,53805,1.2922e+09
8.23054,-10.8475,-6.21155,53806,1.2922e+09
8.24753,-10.8463,-6.20971,53807,1.2922e+09
8.26409,-10.8451,-6.20724,53808,1.2922e+09
8.28152,-10.8437,-6.20448,53809,1.2922e+09
8.29807,-10.8424,-6.2016,53810,1.2922e+09
8.31461,-10.8411,-6.19867,53811,1.2922e+09
8.33116,-10.8397,-6.19571,53812,1.2922e+09
8.34813,-10.8382,-6.19362,53813,1.2922e+09
8.36467,-10.8367,-6.18928,53814,1.2922e+09
8.38207,-10.8351,-6.18571,53815,1.2922e+09
8.39859,-10.8334,-6.18247,53816,1.2922e+09
8.41511,-10.8318,-6.17938,53817,1.2922e+09
8.43206,-10.83,-6.17548,53818,1.2922e+09
8.44856,-10.8282,-6.1721,53819,1.2922e+09
8.46506,-10.8264,-6.16895,53820,1.2922e+09
8.48156,-10.8245,-6.16589,53821,1.2922e+09
8.49804,-10.8225,-6.16288,53822,1.2922e+09
8.51366,-10.8207,-6.15988,53823,1.2922e+09
8.53014,-10.8186,-6.1569,53824,1.2922e+09
8.54704,-10.8165,-6.15479,53825,1.2922e+09
8.56351,-10.8143,-6.1522,53826,1.2922e+09
8.58083,-10.8121,-6.14939,53827,1.2922e+09
8.59729,-10.8098,-6.14649,53828,1.2922e+09
8.61374,-10.8076,-6.14355,53829,1.2922e+09
8.63061,-10.8052,-6.14146,53830,1.2922e+09
8.64705,-10.8029,-6.13887,53831,1.2922e+09
8.66391,-10.8004,-6.13694,53832,1.2922e+09
8.68077,-10.7979,-6.13355,53833,1.2922e+09
8.69676,-10.7955,-6.13126,53834,1.2922e+09
8.71403,-10.7929,-6.12859,53835,1.2922e+09
8.73087,-10.7903,-6.12663,53836,1.2922e+09
8.7477,-10.7876,-6.12497,53837,1.2922e+09
8.76453,-10.7849,-6.1217,53838,1.2922e+09
8.78091,-10.7822,-6.12034,53839,1.2922e+09
8.7973,-10.7795,-6.11807,53840,1.2922e+09
8.81367,-10.7768,-6.1154,53841,1.2922e+09
8.83047,-10.774,-6.11344,53842,1.2922e+09
8.84727,-10.7711,-6.11178,53843,1.2922e+09
8.86363,-10.7683,-6.10938,53844,1.2922e+09
8.88041,-10.7653,-6.10753,53845,1.2922e+09
8.89719,-10.7623,-6.10592,53846,1.2922e+09
8.91482,-10.7592,-6.10443,53847,1.2922e+09
8.93073,-10.7563,-6.10297,53848,1.2922e+09
8.94707,-10.7533,-6.10066,53849,1.2922e+09
8.96425,-10.7502,-6.09798,53850,1.2922e+09
8.98057,-10.7471,-6.09513,53851,1.2922e+09
8.99688,-10.744,-6.09221,53852,1.2922e+09
9.01361,-10.7408,-6.08838,53853,1.2922e+09
9.0299,-10.7375,-6.08504,53854,1.2922e+09
9.04746,-10.734,-6.08103,53855,1.2922e+09
9.06415,-10.7306,-6.07673,53856,1.2922e+09
9.08168,-10.7269,-6.0723,53857,1.2922e+09
9.09877,-10.7233,-6.06695,53858,1.2922e+09
9.11541,-10.7196,-6.06206,53859,1.2922e+09
9.13289,-10.7157,-6.05737,53860,1.2922e+09
9.14949,-10.7119,-6.05103,53861,1.2922e+09
9.16565,-10.7081,-6.04483,53862,1.2922e+09
9.18263,-10.7039,-6.03869,53863,1.2922e+09
9.19874,-10.6999,-6.03259,53864,1.2922e+09
9.23214,-10.6912,-6.01915,53866,1.2922e+09
9.249,-10.6867,-6.01115,53867,1.2922e+09
9.26541,-10.6821,-6.00336,53868,1.2922e+09
9.28263,-10.6771,-5.99565,53869,1.2922e+09
9.29897,-10.6723,-5.98798,53870,1.2922e+09
9.31526,-10.6674,-5.97858,53871,1.2922e+09
9.3311,-10.6624,-5.9693,53872,1.2922e+09
9.34689,-10.6573,-5.96006,53873,1.2922e+09
9.36263,-10.652,-5.95085,53874,1.2922e+09
9.37873,-10.6464,-5.94077,53875,1.2922e+09
9.39436,-10.6409,-5.93119,53876,1.2922e+09
9.40953,-10.6353,-5.92094,53877,1.2922e+09
9.42546,-10.6292,-5.91042,53878,1.2922e+09
9.44051,-10.6234,-5.89801,53879,1.2922e+09
9.45549,-10.6173,-5.88654,53880,1.2922e+09
9.4708,-10.6109,-5.87459,53881,1.2922e+09
9.48522,-10.6046,-5.86244,53882,1.2922e+09
9.50037,-10.5979,-5.8502,53883,1.2922e+09
9.51425,-10.5914,-5.83704,53884,1.2922e+09
9.52843,-10.5847,-5.82436,53885,1.2922e+09
9.54253,-10.5777,-5.81013,53886,1.2922e+09
9.55652,-10.5705,-5.79523,53887,1.2922e+09
9.57002,-10.5634,-5.78091,53888,1.2922e+09
9.5838,-10.5558,-5.76597,53889,1.2922e+09
9.59747,-10.548,-5.75075,53890,1.2922e+09
9.61026,-10.5405,-5.73542,53891,1.2922e+09
9.62368,-10.5323,-5.72003,53892,1.2922e+09
9.63623,-10.5244,-5.70287,53893,1.2922e+09
9.64865,-10.5162,-5.68668,53894,1.2922e+09
9.66129,-10.5076,-5.67005,53895,1.2922e+09
9.67307,-10.4994,-5.65321,53896,1.2922e+09
9.68542,-10.4904,-5.63629,53897,1.2922e+09
9.69657,-10.4819,-5.61846,53898,1.2922e+09
9.70791,-10.473,-5.6011,53899,1.2922e+09
9.72012,-10.4631,-5.58308,53900,1.2922e+09
9.7308,-10.4541,-5.56476,53901,1.2922e+09
9.74165,-10.4447,-5.54719,53902,1.2922e+09
9.75233,-10.435,-5.52994,53903,1.2922e+09
9.76348,-10.4245,-5.51284,53904,1.2922e+09
9.77413,-10.4142,-5.49493,53905,1.2922e+09
9.7846,-10.4037,-5.47667,53906,1.2922e+09
9.79457,-10.3933,-5.45912,53907,1.2922e+09
9.80495,-10.382,-5.44189,53908,1.2922e+09
9.81455,-10.3713,-5.42479,53909,1.2922e+09
9.82397,-10.3604,-5.40775,53910,1.2922e+09
9.8332,-10.3493,-5.39074,53911,1.2922e+09
9.84224,-10.3381,-5.37374,53912,1.2922e+09
9.85163,-10.3261,-5.35675,53913,1.2922e+09
9.86055,-10.3142,-5.34064,53914,1.2922e+09
9.86953,-10.3018,-5.32404,53915,1.2922e+09
9.87806,-10.2897,-5.30809,53916,1.2922e+09
9.88688,-10.2767,-5.29244,53917,1.2922e+09
9.89501,-10.2642,-5.27691,53918,1.2922e+09
9.90319,-10.2513,-5.26231,53919,1.2922e+09
9.91118,-10.2383,-5.24812,53920,1.2922e+09
9.91854,-10.2259,-5.2341,53921,1.2922e+09
9.92637,-10.2123,-5.2193,53922,1.2922e+09
9.93379,-10.1989,-5.20676,53923,1.2922e+09
9.94105,-10.1854,-5.19347,53924,1.2922e+09
9.94812,-10.1719,-5.17986,53925,1.2922e+09
9.95481,-10.1586,-5.16872,53926,1.2922e+09
9.96174,-10.1445,-5.15691,53927,1.2922e+09
9.96831,-10.1307,-5.1457,53928,1.2922e+09
9.97473,-10.1168,-5.13473,53929,1.2922e+09
9.98082,-10.1033,-5.12476,53930,1.2922e+09
9.98694,-10.0893,-5.11434,53931,1.2922e+09
9.99293,-10.0752,-5.10547,53932,1.2922e+09
9.99861,-10.0615,-5.09641,53933,1.2922e+09
10.0042,-10.0477,-5.08727,53934,1.2922e+09
10.0096,-10.0339,-5.07808,53935,1.2922e+09
10.0151,-10.0196,-5.06976,53936,1.2922e+09
10.0203,-10.0057,-5.06269,53937,1.2922e+09
10.0255,-9.99137,-5.05529,53938,1.2922e+09
10.0308,-9.97656,-5.04862,53939,1.2922e+09
10.036,-9.96171,-5.04228,53940,1.2922e+09
10.0411,-9.94683,-5.03607,53941,1.2922e+09
10.046,-9.93233,-5.0308,53942,1.2922e+09
10.0507,-9.91781,-5.02594,53943,1.2922e+09
10.0555,-9.90327,-5.02126,53944,1.2922e+09
10.0602,-9.88828,-5.01753,53945,1.2922e+09
10.0648,-9.8737,-5.01509,53946,1.2922e+09
10.0694,-9.8591,-5.01147,53947,1.2922e+09
10.0742,-9.84365,-5.00908,53948,1.2922e+09
10.0786,-9.82903,-5.00723,53949,1.2922e+09
10.0831,-9.81439,-5.00561,53950,1.2922e+09
10.0877,-9.79892,-5.00411,53951,1.2922e+09
10.092,-9.78469,-5.00351,53952,1.2922e+09
10.0967,-9.7692,-5.00245,53953,1.2922e+09
10.1012,-9.75413,-5.00206,53954,1.2922e+09
10.1057,-9.73905,-5.00195,53955,1.2922e+09
10.1101,-9.72398,-5.00198,53956,1.2922e+09
10.1146,-9.7089,-5.00206,53957,1.2922e+09
10.119,-9.69424,-5.00304,53958,1.2922e+09
10.1236,-9.67875,-5.00442,53959,1.2922e+09
10.128,-9.66411,-5.00596,53960,1.2922e+09
10.1325,-9.64947,-5.00758,53961,1.2922e+09
10.137,-9.63441,-5.01011,53962,1.2922e+09
10.1417,-9.61937,-5.01303,53963,1.2922e+09
10.1462,-9.60476,-5.017,53964,1.2922e+09
10.1508,-9.59017,-5.02144,53965,1.2922e+09
10.1557,-9.57477,-5.02607,53966,1.2922e+09
10.1604,-9.56022,-5.03079,53967,1.2922e+09
10.1652,-9.54569,-5.0373,53968,1.2922e+09
10.1702,-9.53078,-5.04371,53969,1.2922e+09
10.1751,-9.51672,-5.05183,53970,1.2922e+09
10.1803,-9.50189,-5.05896,53971,1.2922e+09
10.1854,-9.48791,-5.06739,53972,1.2922e+09
10.1907,-9.47356,-5.07552,53973,1.2922e+09
10.1963,-9.45885,-5.0844,53974,1.2922e+09
10.2017,-9.44501,-5.09359,53975,1.2922e+09
10.2072,-9.43121,-5.10293,53976,1.2922e+09
10.213,-9.41706,-5.11321,53977,1.2922e+09
10.2188,-9.40338,-5.12302,53978,1.2922e+09
10.2249,-9.38935,-5.13351,53979,1.2922e+09
10.2308,-9.37618,-5.14428,53980,1.2922e+09
10.237,-9.36268,-5.15606,53981,1.2922e+09
10.2432,-9.34965,-5.1674,53982,1.2922e+09
10.2498,-9.3363,-5.17943,53983,1.2922e+09
10.2567,-9.32264,-5.19088,53984,1.2922e+09
10.2633,-9.30983,-5.20383,53985,1.2922e+09
10.2703,-9.29672,-5.21656,53986,1.2922e+09
10.2777,-9.28333,-5.23007,53987,1.2922e+09
10.2848,-9.27079,-5.24391,53988,1.2922e+09
10.2924,-9.25797,-5.25704,53989,1.2922e+09
10.3001,-9.24526,-5.27159,53990,1.2922e+09
10.3075,-9.2334,-5.28502,53991,1.2922e+09
10.3156,-9.2209,-5.29971,53992,1.2922e+09
10.3236,-9.20889,-5.31407,53993,1.2922e+09
10.332,-9.19664,-5.32917,53994,1.2922e+09
10.3406,-9.18451,-5.34459,53995,1.2922e+09
10.3488,-9.17322,-5.36015,53996,1.2922e+09
10.3573,-9.16206,-5.37576,53997,1.2922e+09
10.3662,-9.15069,-5.39228,53998,1.2922e+09
10.375,-9.13981,-5.40832,53999,1.2922e+09
10.3839,-9.12908,-5.42415,54000,1.2922e+09
10.3928,-9.11881,-5.44075,54001,1.2922e+09
10.4027,-9.10772,-5.45683,54002,1.2922e+09
10.4122,-9.09742,-5.47268,54003,1.2922e+09
10.4221,-9.08697,-5.4893,54004,1.2922e+09
10.4322,-9.07668,-5.50451,54005,1.2922e+09
10.4422,-9.06685,-5.51997,54006,1.2922e+09
10.4529,-9.05657,-5.53555,54007,1.2922e+09
10.4635,-9.04676,-5.55031,54008,1.2922e+09
10.4739,-9.0374,-5.56557,54009,1.2922e+09
10.4848,-9.02791,-5.58019,54010,1.2922e+09
10.4955,-9.01887,-5.59365,54011,1.2922e+09
10.5066,-9.00969,-5.60747,54012,1.2922e+09
10.5178,-9.00067,-5.62146,54013,1.2922e+09
10.5292,-8.9918,-5.63551,54014,1.2922e+09
10.5407,-8.98309,-5.6496,54015,1.2922e+09
10.5524,-8.97455,-5.66195,54016,1.2922e+09
10.5645,-8.9659,-5.67442,54017,1.2922e+09
10.5763,-8.95765,-5.68781,54018,1.2922e+09
10.5882,-8.94956,-5.69986,54019,1.2922e+09
10.6003,-8.94161,-5.71307,54020,1.2922e+09
10.6124,-8.93383,-5.72504,54021,1.2922e+09
10.6243,-8.92642,-5.73733,54022,1.2922e+09
10.637,-8.9187,-5.74978,54023,1.2922e+09
10.6494,-8.91136,-5.76141,54024,1.2922e+09
10.6623,-8.90395,-5.77356,54025,1.2922e+09
10.6749,-8.89692,-5.78507,54026,1.2922e+09
10.6876,-8.89002,-5.79629,54027,1.2922e+09
10.7007,-8.88307,-5.80827,54028,1.2922e+09
10.7135,-8.87647,-5.81969,54029,1.2922e+09
10.7261,-8.87022,-5.83175,54030,1.2922e+09
10.739,-8.86392,-5.84322,54031,1.2922e+09
10.7521,-8.85778,-5.85442,54032,1.2922e+09
10.7648,-8.85196,-5.86464,54033,1.2922e+09
10.7776,-8.84628,-5.87617,54034,1.2922e+09
10.79,-8.84091,-5.88739,54035,1.2922e+09
10.8029,-8.83552,-5.89762,54036,1.2922e+09
10.8159,-8.83026,-5.90915,54037,1.2922e+09
10.8289,-8.82515,-5.91951,54038,1.2922e+09
10.842,-8.82017,-5.9311,54039,1.2922e+09
10.8551,-8.81535,-5.94323,54040,1.2922e+09
10.8679,-8.81083,-5.95473,54041,1.2922e+09
10.8812,-8.80631,-5.96681,54042,1.2922e+09
10.8945,-8.80196,-5.97916,54043,1.2922e+09
10.907,-8.79803,-5.98987,54044,1.2922e+09
10.9199,-8.79412,-6.00249,54045,1.2922e+09
10.9325,-8.79048,-6.01507,54046,1.2922e+09
10.9452,-8.78701,-6.02763,54047,1.2922e+09
10.957,-8.78391,-6.04018,54048,1.2922e+09
10.9693,-8.78086,-6.0536,54049,1.2922e+09
10.9808,-8.77817,-6.06739,54050,1.2922e+09
10.9928,-8.77555,-6.08223,54051,1.2922e+09
11.0044,-8.7732,-6.09665,54052,1.2922e+09
11.0151,-8.77117,-6.11088,54053,1.2922e+09
11.0267,-8.76914,-6.12503,54054,1.2922e+09
11.0371,-8.76749,-6.14001,54055,1.2922e+09
11.0484,-8.76587,-6.15537,54056,1.2922e+09
11.0592,-8.76447,-6.17001,54057,1.2922e+09
11.0692,-8.76334,-6.18608,54058,1.2922e+09
11.0792,-8.76236,-6.20103,54059,1.2922e+09
11.0888,-8.76157,-6.21636,54060,1.2922e+09
11.098,-8.76096,-6.23273,54061,1.2922e+09
11.1067,-8.76052,-6.24868,54062,1.2922e+09
11.1155,-8.76022,-6.26444,54063,1.2922e+09
11.1238,-8.76006,-6.281,54064,1.2922e+09
11.1321,-8.76004,-0.0147149,54065,1.2922e+09
11.14,-8.76016,-0.0308932,54066,1.2922e+09
11.1465,-8.76036,-0.0493702,54067,1.2922e+09
11.1531,-8.76069,-0.068854,54068,1.2922e+09
11.1592,-8.76111,-0.0879031,54069,1.2922e+09
11.1644,-8.76157,-0.108506,54070,1.2922e+09
11.1701,-8.76219,-0.128917,54071,1.2922e+09
11.1753,-8.76286,-0.150116,54072,1.2922e+09
11.1805,-8.76365,-0.17166,54073,1.2922e+09
11.1857,-8.76455,-0.193355,54074,1.2922e+09
11.19,-8.76539,-0.215113,54075,1.2922e+09
11.1943,-8.76632,-0.236898,54076,1.2922e+09
11.1981,-8.76725,-0.257819,54077,1.2922e+09
11.2015,-8.76814,-0.279234,54078,1.2922e+09
11.2049,-8.76911,-0.300865,54079,1.2922e+09
11.2074,-8.76989,-0.320838,54080,1.2922e+09
11.2103,-8.77086,-0.34271,54081,1.2922e+09
11.2132,-8.77189,-0.363665,54082,1.2922e+09
11.2157,-8.77283,-0.385091,54083,1.2922e+09
11.2189,-8.77415,-0.406726,54084,1.2922e+09
11.2213,-8.77519,-0.42845,54085,1.2922e+09
11.2241,-8.77647,-0.451088,54086,1.2922e+09
11.2261,-8.77743,-0.472375,54087,1.2922e+09
11.2284,-8.77862,-0.493946,54088,1.2922e+09
11.2319,-8.78053,-0.536128,54090,1.2922e+09
11.2331,-8.78121,-0.556852,54091,1.2922e+09
11.2349,-8.78237,-0.5773,54092,1.2922e+09
11.236,-8.78309,-0.597624,54093,1.2922e+09
11.2378,-8.78433,-0.617897,54094,1.2922e+09
11.2389,-8.7851,-0.638144,54095,1.2922e+09
11.2403,-8.78615,-0.659256,54096,1.2922e+09
11.2417,-8.78722,-0.678998,54097,1.2922e+09
11.2428,-8.78805,-0.699013,54098,1.2922e+09
11.2448,-8.78978,-0.739333,54100,1.2922e+09
11.2457,-8.79067,-0.759542,54101,1.2922e+09
11.2467,-8.79158,-0.779761,54102,1.2922e+09
11.2476,-8.79251,-0.799984,54103,1.2922e+09
11.2489,-8.79378,-0.821085,54104,1.2922e+09
11.2498,-8.79474,-0.841695,54105,1.2922e+09
11.251,-8.79606,-0.862965,54106,1.2922e+09
11.2515,-8.79673,-0.884521,54107,1.2922e+09
11.2526,-8.7981,-0.906206,54108,1.2922e+09
11.2537,-8.79948,-0.927947,54109,1.2922e+09
11.2545,-8.80054,-0.950585,54110,1.2922e+09
11.2558,-8.80233,-0.97362,54111,1.2922e+09
11.257,-8.80415,-0.996828,54112,1.2922e+09
11.258,-8.80563,-1.02098,54113,1.2922e+09
11.2589,-8.80714,-1.04556,54114,1.2922e+09
11.2602,-8.80942,-1.07031,54115,1.2922e+09
11.2613,-8.81135,-1.09428,54116,1.2922e+09
11.2623,-8.81331,-1.11964,54117,1.2922e+09
11.2635,-8.81568,-1.14474,54118,1.2922e+09
11.2644,-8.81768,-1.17061,54119,1.2922e+09
11.2654,-8.82011,-1.19593,54120,1.2922e+09
11.2665,-8.82298,-1.22189,54121,1.2922e+09
11.2676,-8.82587,-1.24814,54122,1.2922e+09
11.2687,-8.8292,-1.27363,54123,1.2922e+09
11.2697,-8.83256,-1.30054,54124,1.2922e+09
11.271,-8.8372,-1.32546,54125,1.2922e+09
11.2721,-8.84146,-1.35038,54126,1.2922e+09
11.2733,-8.84702,-1.37618,54127,1.2922e+09
11.2744,-8.8526,-1.39886,54128,1.2922e+09
11.2755,-8.85907,-1.42194,54129,1.2922e+09
11.2764,-8.86514,-1.44431,54130,1.2922e+09
11.2772,-8.87122,-1.46637,54131,1.2922e+09
11.2779,-8.87732,-1.48829,54132,1.2922e+09
11.2784,-8.88386,-1.51104,54133,1.2922e+09
11.2788,-8.89086,-1.53327,54134,1.2922e+09
11.2791,-8.89873,-1.55527,54135,1.2922e+09
11.2792,-8.90661,-1.57893,54136,1.2922e+09
11.2792,-8.91493,-1.60069,54137,1.2922e+09
11.2789,-8.92411,-1.62337,54138,1.2922e+09
11.2784,-8.93285,-1.64558,54139,1.2922e+09
11.2778,-8.94158,-1.66758,54140,1.2922e+09
11.2768,-8.9516,-1.69038,54141,1.2922e+09
11.2757,-8.96116,-1.71264,54142,1.2922e+09
11.2742,-8.97112,-1.7338,54143,1.2922e+09
11.2725,-8.98148,-1.75535,54144,1.2922e+09
11.2707,-8.99137,-1.77619,54145,1.2922e+09
11.2685,-9.00165,-1.7976,54146,1.2922e+09
11.266,-9.01274,-1.81927,54147,1.2922e+09
11.2634,-9.02292,-1.84104,54148,1.2922e+09
11.2604,-9.03388,-1.86286,54149,1.2922e+09
11.2571,-9.04477,-1.88471,54150,1.2922e+09
11.2536,-9.05559,-1.90482,54151,1.2922e+09
11.2499,-9.06633,-1.92591,54152,1.2922e+09
11.2457,-9.07741,-1.94656,54153,1.2922e+09
11.2414,-9.08839,-1.96702,54154,1.2922e+09
11.2367,-9.09969,-1.98828,54155,1.2922e+09
11.2319,-9.11049,-2.009,54156,1.2922e+09
11.2269,-9.12119,-2.02949,54157,1.2922e+09
11.2213,-9.13256,-2.04988,54158,1.2922e+09
11.2158,-9.14304,-2.07023,54159,1.2922e+09
11.21,-9.15379,-2.08969,54160,1.2922e+09
11.2039,-9.16442,-2.10875,54161,1.2922e+09
11.1976,-9.17494,-2.12939,54162,1.2922e+09
11.1909,-9.1857,-2.14985,54163,1.2922e+09
11.1842,-9.19595,-2.16935,54164,1.2922e+09
11.177,-9.20643,-2.18931,54165,1.2922e+09
11.1697,-9.21676,-2.20948,54166,1.2922e+09
11.1621,-9.22695,-2.22972,54167,1.2922e+09
11.1544,-9.23698,-2.25001,54168,1.2922e+09
11.1464,-9.24685,-2.27032,54169,1.2922e+09
11.1385,-9.25622,-2.28975,54170,1.2922e+09
11.1304,-9.26544,-2.31056,54171,1.2922e+09
11.1222,-9.27448,-2.33021,54172,1.2922e+09
11.1137,-9.28336,-2.34936,54173,1.2922e+09
11.1048,-9.29239,-2.36917,54174,1.2922e+09
11.0958,-9.30124,-2.38926,54175,1.2922e+09
11.0868,-9.30961,-2.40861,54176,1.2922e+09
11.0774,-9.3181,-2.4285,54177,1.2922e+09
11.0678,-9.3264,-2.44863,54178,1.2922e+09
11.0584,-9.33422,-2.46799,54179,1.2922e+09
11.0488,-9.34186,-2.48701,54180,1.2922e+09
11.0394,-9.34905,-2.50676,54181,1.2922e+09
11.0292,-9.35658,-2.52682,54182,1.2922e+09
11.0189,-9.36389,-2.54703,54183,1.2922e+09
11.0087,-9.37075,-2.56643,54184,1.2922e+09
10.9981,-9.37765,-2.58634,54185,1.2922e+09
10.9877,-9.38411,-2.6056,54186,1.2922e+09
10.9768,-9.39059,-2.62546,54187,1.2922e+09
10.9661,-9.39663,-2.6447,54188,1.2922e+09
10.9553,-9.40247,-2.66367,54189,1.2922e+09
10.9441,-9.4083,-2.6834,54190,1.2922e+09
10.9327,-9.41391,-2.70345,54191,1.2922e+09
10.9216,-9.41911,-2.72278,54192,1.2922e+09
10.9104,-9.42409,-2.74179,54193,1.2922e+09
10.8991,-9.42886,-2.76066,54194,1.2922e+09
10.8874,-9.43357,-2.77859,54195,1.2922e+09
10.8759,-9.43792,-2.79699,54196,1.2922e+09
10.8636,-9.44235,-2.81385,54197,1.2922e+09
10.8516,-9.44643,-2.8309,54198,1.2922e+09
10.8395,-9.45031,-2.84804,54199,1.2922e+09
10.8269,-9.45411,-2.86435,54200,1.2922e+09
10.8143,-9.4577,-2.88029,54201,1.2922e+09
10.8016,-9.46109,-2.89607,54202,1.2922e+09
10.7889,-9.46428,-2.91178,54203,1.2922e+09
10.7761,-9.46727,-2.92746,54204,1.2922e+09
10.7629,-9.47015,-2.94226,54205,1.2922e+09
10.7505,-9.47266,-2.95666,54206,1.2922e+09
10.7376,-9.47507,-2.97002,54207,1.2922e+09
10.7242,-9.47738,-2.9838,54208,1.2922e+09
10.7113,-9.47944,-2.99688,54209,1.2922e+09
10.6974,-9.48146,-3.00967,54210,1.2922e+09
10.6844,-9.48319,-3.02057,54211,1.2922e+09
10.671,-9.48482,-3.03152,54212,1.2922e+09
10.6571,-9.48636,-3.04338,54213,1.2922e+09
10.6431,-9.48773,-3.05388,54214,1.2922e+09
10.6301,-9.48888,-3.06378,54215,1.2922e+09
10.6161,-9.48997,-3.07342,54216,1.2922e+09
10.603,-9.49086,-3.08295,54217,1.2922e+09
10.5895,-9.49166,-3.09155,54218,1.2922e+09
10.5755,-9.49236,-3.10062,54219,1.2922e+09
10.5624,-9.49289,-3.10815,54220,1.2922e+09
10.5489,-9.49335,-3.11588,54221,1.2922e+09
10.5349,-9.4937,-3.12283,54222,1.2922e+09
10.5214,-9.49396,-3.1303,54223,1.2922e+09
10.5074,-9.49412,-3.13713,54224,1.2922e+09
10.4938,-9.49418,-3.14455,54225,1.2922e+09
10.4803,-9.49414,-3.15049,54226,1.2922e+09
10.4667,-9.49402,-3.15577,54227,1.2922e+09
10.4527,-9.49382,-3.16164,54228,1.2922e+09
10.4396,-9.49356,-3.16777,54229,1.2922e+09
10.4261,-9.4932,-3.17314,54230,1.2922e+09
10.4134,-9.4928,-3.17816,54231,1.2922e+09
10.3999,-9.49231,-3.18305,54232,1.2922e+09
10.3855,-9.49171,-3.18788,54233,1.2922e+09
10.3719,-9.49108,-3.19093,54234,1.2922e+09
10.3584,-9.49041,-3.19494,54235,1.2922e+09
10.3453,-9.48971,-3.19851,54236,1.2922e+09
10.3322,-9.48897,-3.20188,54237,1.2922e+09
10.3187,-9.48815,-3.20429,54238,1.2922e+09
10.3052,-9.4873,-3.20628,54239,1.2922e+09
10.2912,-9.4864,-3.20896,54240,1.2922e+09
10.2781,-9.48552,-3.2102,54241,1.2922e+09
10.2646,-9.48459,-3.21167,54242,1.2922e+09
10.2511,-9.48364,-3.21326,54243,1.2922e+09
10.2376,-9.48267,-3.21488,54244,1.2922e+09
10.2241,-9.48168,-3.21478,54245,1.2922e+09
10.2106,-9.48069,-3.21567,54246,1.2922e+09
10.1971,-9.47968,-3.21525,54247,1.2922e+09
10.184,-9.47872,-3.21512,54248,1.2922e+09
10.1705,-9.47773,-3.21426,54249,1.2922e+09
10.1566,-9.47671,-3.21394,54250,1.2922e+09
10.143,-9.47573,-3.21299,54251,1.2922e+09
10.13,-9.4748,-3.21088,54252,1.2922e+09
10.1165,-9.47386,-3.20915,54253,1.2922e+09
10.1034,-9.47297,-3.20844,54254,1.2922e+09
10.0894,-9.47204,-3.20645,54255,1.2922e+09
10.0759,-9.47116,-3.20477,54256,1.2922e+09
10.0628,-9.47033,-3.20234,54257,1.2922e+09
10.0493,-9.46951,-3.20046,54258,1.2922e+09
10.0358,-9.46871,-3.19708,54259,1.2922e+09
10.0223,-9.46796,-3.19479,54260,1.2922e+09
10.0092,-9.46727,-3.19209,54261,1.2922e+09
9.99609,-9.4666,-3.18922,54262,1.2922e+09
9.98256,-9.46596,-3.18541,54263,1.2922e+09
9.96947,-9.46539,-3.18204,54264,1.2922e+09
9.95637,-9.46486,-3.17888,54265,1.2922e+09
9.94284,-9.46435,-3.17494,54266,1.2922e+09
9.92974,-9.46391,-3.17152,54267,1.2922e+09
9.91708,-9.46353,-3.16746,54268,1.2922e+09
9.90398,-9.4632,-3.16399,54269,1.2922e+09
9.89044,-9.46289,-3.15991,54270,1.2922e+09
9.87777,-9.46266,-3.15556,54271,1.2922e+09
9.86466,-9.46248,-3.15196,54272,1.2922e+09
9.852,-9.46235,-3.14782,54273,1.2922e+09
9.83889,-9.46226,-3.14432,54274,1.2922e+09
9.82578,-9.46223,-3.13935,54275,1.2922e+09
9.81312,-9.46226,-3.13461,54276,1.2922e+09
9.80001,-9.46235,-3.13084,54277,1.2922e+09
9.78734,-9.46248,-3.12663,54278,1.2922e+09
9.77467,-9.46267,-3.12222,54279,1.2922e+09
9.76201,-9.46292,-3.11772,54280,1.2922e+09
9.74934,-9.46322,-3.11319,54281,1.2922e+09
9.73668,-9.46358,-3.10864,54282,1.2922e+09
9.72402,-9.464,-3.10408,54283,1.2922e+09
9.71136,-9.46447,-3.09952,54284,1.2922e+09
9.69826,-9.46502,-3.09583,54285,1.2922e+09
9.68561,-9.4656,-3.09165,54286,1.2922e+09
9.67295,-9.46624,-3.08725,54287,1.2922e+09
9.6603,-9.46693,-3.08276,54288,1.2922e+09
9.64765,-9.46767,-3.07823,54289,1.2922e+09
9.63545,-9.46844,-3.07455,54290,1.2922e+09
9.62237,-9.46932,-3.06951,54291,1.2922e+09
9.60973,-9.47024,-3.06473,54292,1.2922e+09
9.5971,-9.47121,-3.06007,54293,1.2922e+09
9.58404,-9.47228,-3.0546,54294,1.2922e+09
9.57055,-9.47345,-3.04964,54295,1.2922e+09
9.55837,-9.47458,-3.04402,54296,1.2922e+09
9.54533,-9.47585,-3.03813,54297,1.2922e+09
9.53229,-9.47721,-3.03211,54298,1.2922e+09
9.51927,-9.47864,-3.02604,54299,1.2922e+09
9.50668,-9.4801,-3.01906,54300,1.2922e+09
9.49368,-9.4817,-3.01257,54301,1.2922e+09
9.48068,-9.48339,-3.00629,54302,1.2922e+09
9.46726,-9.48521,-2.99923,54303,1.2922e+09
9.45473,-9.48701,-2.99183,54304,1.2922e+09
9.44134,-9.48903,-2.98428,54305,1.2922e+09
9.42839,-9.49108,-2.97753,54306,1.2922e+09
9.41547,-9.49322,-2.96939,54307,1.2922e+09
9.40256,-9.49547,-2.96064,54308,1.2922e+09
9.38967,-9.49783,-2.95337,54309,1.2922e+09
9.37679,-9.50028,-2.945,54310,1.2922e+09
9.36394,-9.50284,-2.93615,54311,1.2922e+09
9.35069,-9.5056,-2.92797,54312,1.2922e+09
9.33745,-9.50847,-2.92007,54313,1.2922e+09
9.32467,-9.51135,-2.91143,54314,1.2922e+09
9.31191,-9.51434,-2.90246,54315,1.2922e+09
9.29918,-9.51744,-2.89335,54316,1.2922e+09
9.28691,-9.52055,-2.8833,54317,1.2922e+09
9.27382,-9.52401,-2.87284,54318,1.2922e+09
9.26161,-9.52737,-2.86219,54319,1.2922e+09
9.24901,-9.53099,-2.85235,54320,1.2922e+09
9.23603,-9.53485,-2.84198,54321,1.2922e+09
9.22393,-9.53859,-2.83138,54322,1.2922e+09
9.21104,-9.54272,-2.82068,54323,1.2922e+09
9.19861,-9.54685,-2.80906,54324,1.2922e+09
9.18581,-9.55127,-2.79791,54325,1.2922e+09
9.17348,-9.55569,-2.78609,54326,1.2922e+09
9.1616,-9.56009,-2.77486,54327,1.2922e+09
9.13761,-9.56947,-2.75,54329,1.2922e+09
9.1259,-9.57431,-2.73825,54330,1.2922e+09
9.11385,-9.57945,-2.72617,54331,1.2922e+09
9.10226,-9.58456,-2.71307,54332,1.2922e+09
9.09035,-9.59,-2.7004,54333,1.2922e+09
9.07811,-9.59578,-2.68704,54334,1.2922e+09
9.06712,-9.60115,-2.67426,54335,1.2922e+09
9.05543,-9.60705,-2.66172,54336,1.2922e+09
9.04419,-9.6129,-2.64843,54337,1.2922e+09
9.03265,-9.6191,-2.63567,54338,1.2922e+09
9.02158,-9.62524,-2.62227,54339,1.2922e+09
9.01058,-9.63153,-2.61034,54340,1.2922e+09
8.99966,-9.63794,-2.59731,54341,1.2922e+09
8.98883,-9.6445,-2.58379,54342,1.2922e+09
8.97809,-9.6512,-2.57006,54343,1.2922e+09
8.96707,-9.65829,-2.55712,54344,1.2922e+09
8.95614,-9.66552,-2.54451,54345,1.2922e+09
8.94567,-9.67264,-2.53118,54346,1.2922e+09
8.93565,-9.67964,-2.51841,54347,1.2922e+09
8.92537,-9.68703,-2.50501,54348,1.2922e+09
8.89476,-9.71027,-2.46548,54351,1.2922e+09
8.88523,-9.71792,-2.45234,54352,1.2922e+09
8.87512,-9.72625,-2.43965,54353,1.2922e+09
8.86545,-9.73443,-2.42628,54354,1.2922e+09
8.85622,-9.74245,-2.41349,54355,1.2922e+09
8.84644,-9.75116,-2.40095,54356,1.2922e+09
8.83709,-9.75971,-2.38765,54357,1.2922e+09
8.82786,-9.76838,-2.37577,54358,1.2922e+09
8.81842,-9.77746,-2.36188,54359,1.2922e+09
8.80022,-9.7957,-2.33536,54361,1.2922e+09
8.75697,-9.84311,-2.27193,54366,1.2922e+09
8.74019,-9.86324,-2.24667,54368,1.2922e+09
8.73227,-9.87312,-2.23337,54369,1.2922e+09
8.72421,-9.88345,-2.22062,54370,1.2922e+09
8.71681,-9.89319,-2.2081,54371,1.2922e+09
8.70902,-9.90372,-2.19568,54372,1.2922e+09
8.70135,-9.91434,-2.18331,54373,1.2922e+09
8.69382,-9.92506,-2.17096,54374,1.2922e+09
8.68642,-9.93587,-2.15861,54375,1.2922e+09
8.6794,-9.94641,-2.14715,54376,1.2922e+09
8.67226,-9.95739,-2.13519,54377,1.2922e+09
8.66525,-9.96846,-2.12302,54378,1.2922e+09
8.65838,-9.97962,-2.11076,54379,1.2922e+09
8.65164,-9.99085,-2.09846,54380,1.2922e+09
8.64483,-10.0026,-2.08701,54381,1.2922e+09
8.63815,-10.0143,-2.07594,54382,1.2922e+09
8.63202,-10.0254,-2.06503,54383,1.2922e+09
8.62559,-10.0373,-2.0542,54384,1.2922e+09
8.6195,-10.0489,-2.04426,54385,1.2922e+09
8.61333,-10.061,-2.03386,54386,1.2922e+09
8.60748,-10.0727,-2.02412,54387,1.2922e+09
8.60174,-10.0845,-2.01466,54388,1.2922e+09
8.59574,-10.0971,-2.00534,54389,1.2922e+09
8.58985,-10.1098,-1.99608,54390,1.2922e+09
8.58427,-10.1221,-1.98771,54391,1.2922e+09
8.57878,-10.1345,-1.97974,54392,1.2922e+09
8.5734,-10.1469,-1.97194,54393,1.2922e+09
8.56811,-10.1594,-1.96596,54394,1.2922e+09
8.5629,-10.1719,-1.95903,54395,1.2922e+09
8.55794,-10.184,-1.95256,54396,1.2922e+09
8.55273,-10.197,-1.94629,54397,1.2922e+09
8.54776,-10.2096,-1.94099,54398,1.2922e+09
8.54286,-10.2222,-1.9361,54399,1.2922e+09
8.53787,-10.2353,-1.93228,54400,1.2922e+09
8.53308,-10.2479,-1.92804,54401,1.2922e+09
8.52834,-10.2606,-1.92537,54402,1.2922e+09
8.52349,-10.2737,-1.92252,54403,1.2922e+09
8.51882,-10.2865,-1.92046,54404,1.2922e+09
8.51418,-10.2992,-1.91874,54405,1.2922e+09
8.50956,-10.3119,-1.91717,54406,1.2922e+09
8.50511,-10.3242,-1.9148,54407,1.2922e+09
8.50054,-10.337,-1.91469,54408,1.2922e+09
8.49598,-10.3498,-1.91384,54409,1.2922e+09
8.49142,-10.3625,-1.91265,54410,1.2922e+09
8.48673,-10.3757,-1.91219,54411,1.2922e+09
8.48205,-10.3889,-1.91205,54412,1.2922e+09
8.47752,-10.4016,-1.91292,54413,1.2922e+09
8.47297,-10.4144,-1.91424,54414,1.2922e+09
8.46826,-10.4276,-1.91488,54415,1.2922e+09
8.46399,-10.4395,-1.91609,54416,1.2922e+09
8.4594,-10.4522,-1.91756,54417,1.2922e+09
8.4548,-10.465,-1.91914,54418,1.2922e+09
8.45032,-10.4773,-1.92163,54419,1.2922e+09
8.44582,-10.4896,-1.92279,54420,1.2922e+09
8.441,-10.5027,-1.9251,54421,1.2922e+09
8.4366,-10.5146,-1.92705,54422,1.2922e+09
8.43188,-10.5273,-1.92883,54423,1.2922e+09
8.42728,-10.5396,-1.93142,54424,1.2922e+09
8.4225,-10.5523,-1.93349,54425,1.2922e+09
8.41785,-10.5645,-1.93621,54426,1.2922e+09
8.41316,-10.5768,-1.9392,54427,1.2922e+09
8.40829,-10.5894,-1.94145,54428,1.2922e+09
8.40338,-10.602,-1.94511,54429,1.2922e+09
8.39842,-10.6146,-1.94766,54430,1.2922e+09
8.3936,-10.6268,-1.95058,54431,1.2922e+09
8.38874,-10.639,-1.95366,54432,1.2922e+09
8.38384,-10.6512,-1.95682,54433,1.2922e+09
8.37891,-10.6633,-1.96001,54434,1.2922e+09
8.3741,-10.675,-1.96409,54435,1.2922e+09
8.36924,-10.6868,-1.9668,54436,1.2922e+09
8.36418,-10.6988,-1.9698,54437,1.2922e+09
8.35909,-10.7109,-1.97292,54438,1.2922e+09
8.35396,-10.723,-1.97609,54439,1.2922e+09
8.34896,-10.7346,-1.98016,54440,1.2922e+09
8.34374,-10.7467,-1.98375,54441,1.2922e+09
8.33848,-10.7587,-1.98713,54442,1.2922e+09
8.33318,-10.7707,-1.99042,54443,1.2922e+09
8.32784,-10.7826,-1.99366,54444,1.2922e+09
8.32264,-10.7942,-1.99601,54445,1.2922e+09
8.31741,-10.8057,-1.99972,54446,1.2922e+09
8.31214,-10.8173,-2.00228,54447,1.2922e+09
8.30665,-10.8292,-2.00521,54448,1.2922e+09
8.3015,-10.8403,-2.00829,54449,1.2922e+09
8.29613,-10.8518,-2.01057,54450,1.2922e+09
8.29055,-10.8636,-2.01338,54451,1.2922e+09
8.28512,-10.8751,-2.01554,54452,1.2922e+09
8.27948,-10.8869,-2.01829,54453,1.2922e+09
8.27381,-10.8987,-2.02131,54454,1.2922e+09
8.26829,-10.9101,-2.02356,54455,1.2922e+09
8.26256,-10.9219,-2.02635,54456,1.2922e+09
8.25679,-10.9337,-2.02938,54457,1.2922e+09
8.25118,-10.9451,-2.03164,54458,1.2922e+09
8.24535,-10.9568,-2.03443,54459,1.2922e+09
8.23948,-10.9685,-2.03746,54460,1.2922e+09
8.23339,-10.9806,-2.03973,54461,1.2922e+09
8.22746,-10.9923,-2.04253,54462,1.2922e+09
8.22131,-11.0044,-2.04469,54463,1.2922e+09
8.21532,-11.0161,-2.04744,54464,1.2922e+09
8.20911,-11.0281,-2.04958,54465,1.2922e+09
8.20267,-11.0405,-2.05233,54466,1.2922e+09
8.19639,-11.0525,-2.05447,54467,1.2922e+09
8.1903,-11.0641,-2.05721,54468,1.2922e+09
8.18396,-11.0761,-2.05935,54469,1.2922e+09
8.17781,-11.0877,-2.06209,54470,1.2922e+09
8.17163,-11.0992,-2.06335,54471,1.2922e+09
8.16543,-11.1108,-2.06571,54472,1.2922e+09
8.15941,-11.1219,-2.06767,54473,1.2922e+09
8.15295,-11.1339,-2.06947,54474,1.2922e+09
8.14647,-11.1457,-2.07119,54475,1.2922e+09
8.13976,-11.158,-2.07375,54476,1.2922e+09
8.13302,-11.1703,-2.07669,54477,1.2922e+09
8.12667,-11.1817,-2.07978,54478,1.2922e+09
8.12007,-11.1936,-2.08207,54479,1.2922e+09
8.11344,-11.2054,-2.08401,54480,1.2922e+09
8.107,-11.2168,-2.08666,54481,1.2922e+09
8.10032,-11.2286,-2.08876,54482,1.2922e+09
8.09383,-11.24,-2.09149,54483,1.2922e+09
8.0873,-11.2514,-2.09449,54484,1.2922e+09
8.08075,-11.2627,-2.09761,54485,1.2922e+09
8.07416,-11.274,-2.10078,54486,1.2922e+09
8.06753,-11.2854,-2.10398,54487,1.2922e+09
8.06086,-11.2966,-2.10719,54488,1.2922e+09
8.05416,-11.3079,-2.1104,54489,1.2922e+09
8.04743,-11.3192,-2.11361,54490,1.2922e+09
8.04065,-11.3304,-2.11683,54491,1.2922e+09
8.03362,-11.342,-2.12092,54492,1.2922e+09
8.02676,-11.3531,-2.12452,54493,1.2922e+09
8.01987,-11.3643,-2.1279,54494,1.2922e+09
8.01294,-11.3754,-2.13119,54495,1.2922e+09
8.00597,-11.3865,-2.13618,54496,1.2922e+09
7.99871,-11.398,-2.13931,54497,1.2922e+09
7.99189,-11.4086,-2.14335,54498,1.2922e+09
7.98431,-11.4204,-2.14694,54499,1.2922e+09
7.97741,-11.431,-2.15118,54500,1.2922e+09
7.97022,-11.442,-2.15485,54501,1.2922e+09
7.96299,-11.4529,-2.15827,54502,1.2922e+09
7.95596,-11.4635,-2.16244,54503,1.2922e+09
7.94865,-11.4744,-2.16607,54504,1.2922e+09
7.94154,-11.4849,-2.17035,54505,1.2922e+09
7.93414,-11.4957,-2.17577,54506,1.2922e+09
7.92693,-11.5061,-2.18083,54507,1.2922e+09
7.91967,-11.5165,-2.18572,54508,1.2922e+09
7.91236,-11.5269,-2.19054,54509,1.2922e+09
7.905,-11.5372,-2.19533,54510,1.2922e+09
7.89733,-11.5478,-2.20098,54511,1.2922e+09
7.88986,-11.558,-2.20614,54512,1.2922e+09
7.88234,-11.5682,-2.21108,54513,1.2922e+09
7.87451,-11.5788,-2.21679,54514,1.2922e+09
7.86714,-11.5885,-2.22285,54515,1.2922e+09
7.85918,-11.599,-2.22906,54516,1.2922e+09
7.85143,-11.609,-2.2362,54517,1.2922e+09
7.8436,-11.619,-2.24201,54518,1.2922e+09
7.83572,-11.6289,-2.24898,54519,1.2922e+09
7.82804,-11.6384,-2.25558,54520,1.2922e+09
7.82002,-11.6482,-2.2629,54521,1.2922e+09
7.81221,-11.6577,-2.26966,54522,1.2922e+09
7.80405,-11.6674,-2.27705,54523,1.2922e+09
7.79583,-11.677,-2.28471,54524,1.2922e+09
7.78781,-11.6863,-2.29162,54525,1.2922e+09
7.77945,-11.6958,-2.29907,54526,1.2922e+09
7.7713,-11.7049,-2.30588,54527,1.2922e+09
7.75511,-11.7227,-2.32183,54529,1.2922e+09
7.74646,-11.732,-2.33,54530,1.2922e+09
7.73803,-11.7408,-2.33888,54531,1.2922e+09
7.72983,-11.7493,-2.34719,54532,1.2922e+09
7.72095,-11.7584,-2.35526,54533,1.2922e+09
7.7123,-11.767,-2.36409,54534,1.2922e+09
7.70389,-11.7753,-2.37238,54535,1.2922e+09
7.69478,-11.7841,-2.38219,54536,1.2922e+09
7.68654,-11.792,-2.39178,54537,1.2922e+09
7.67758,-11.8003,-2.40128,54538,1.2922e+09
7.66854,-11.8086,-2.41074,54539,1.2922e+09
7.66008,-11.8161,-2.42017,54540,1.2922e+09
7.65089,-11.8242,-2.42961,54541,1.2922e+09
7.64195,-11.8319,-2.43991,54542,1.2922e+09
7.63293,-11.8396,-2.45059,54543,1.2922e+09
7.6235,-11.8474,-2.46057,54544,1.2922e+09
7.61433,-11.8548,-2.47111,54545,1.2922e+09
7.60508,-11.8621,-2.4819,54546,1.2922e+09
7.59575,-11.8694,-2.49105,54547,1.2922e+09
7.58636,-11.8765,-2.50122,54548,1.2922e+09
7.57689,-11.8836,-2.51185,54549,1.2922e+09
7.56735,-11.8905,-2.52268,54550,1.2922e+09
7.55738,-11.8976,-2.53272,54551,1.2922e+09
7.5477,-11.9044,-2.54329,54552,1.2922e+09
7.53759,-11.9113,-2.55322,54553,1.2922e+09
7.52777,-11.9178,-2.56374,54554,1.2922e+09
7.51751,-11.9245,-2.57364,54555,1.2922e+09
7.50719,-11.9311,-2.58328,54556,1.2922e+09
7.49718,-11.9373,-2.59367,54557,1.2922e+09
7.4871,-11.9435,-2.60439,54558,1.2922e+09
7.47659,-11.9498,-2.61439,54559,1.2922e+09
7.46639,-11.9557,-2.62494,54560,1.2922e+09
7.45574,-11.9617,-2.63486,54561,1.2922e+09
7.4458,-11.9673,-2.6445,54562,1.2922e+09
7.43428,-11.9735,-2.65402,54563,1.2922e+09
7.42385,-11.979,-2.66437,54564,1.2922e+09
7.34701,-12.0159,-2.73275,54571,1.2922e+09
7.33618,-12.0206,-2.74298,54572,1.2922e+09
7.3245,-12.0255,-2.75189,54573,1.2922e+09
7.31277,-12.0304,-2.76197,54574,1.2922e+09
7.3014,-12.0349,-2.77168,54575,1.2922e+09
7.28958,-12.0395,-2.78036,54576,1.2922e+09
7.27813,-12.0438,-2.78946,54577,1.2922e+09
7.26705,-12.0479,-2.79787,54578,1.2922e+09
7.25511,-12.0521,-2.80598,54579,1.2922e+09
7.24314,-12.0563,-2.81396,54580,1.2922e+09
7.23114,-12.0604,-2.82188,54581,1.2922e+09
7.21911,-12.0644,-2.82803,54582,1.2922e+09
7.20664,-12.0684,-2.83428,54583,1.2922e+09
7.18203,-12.0762,-2.846,54585,1.2922e+09
7.16991,-12.0798,-2.85106,54586,1.2922e+09
7.15693,-12.0837,-2.85596,54587,1.2922e+09
7.14476,-12.0873,-2.86079,54588,1.2922e+09
7.11956,-12.0945,-2.86823,54590,1.2922e+09
7.10693,-12.0981,-2.87158,54591,1.2922e+09
7.09388,-12.1017,-2.87398,54592,1.2922e+09
7.08123,-12.1051,-2.87684,54593,1.2922e+09
7.06816,-12.1087,-2.87903,54594,1.2922e+09
7.05592,-12.112,-2.88092,54595,1.2922e+09
7.02973,-12.1189,-2.88439,54597,1.2922e+09
7.01663,-12.1224,-2.88607,54598,1.2922e+09
7.00353,-12.1258,-2.88774,54599,1.2922e+09
6.99084,-12.1291,-2.88853,54600,1.2922e+09
6.97772,-12.1325,-2.88981,54601,1.2922e+09
6.93836,-12.1426,-2.89185,54604,1.2922e+09
6.92566,-12.1458,-2.89238,54605,1.2922e+09
6.91253,-12.1492,-2.8918,54606,1.2922e+09
6.89983,-12.1524,-2.89161,54607,1.2922e+09
6.87443,-12.1589,-2.89163,54609,1.2922e+09
6.8613,-12.1622,-2.89084,54610,1.2922e+09
6.84776,-12.1657,-2.89055,54611,1.2922e+09
6.83548,-12.1689,-2.88961,54612,1.2922e+09
6.82236,-12.1722,-2.89013,54613,1.2922e+09
6.80967,-12.1755,-2.88867,54614,1.2922e+09
6.79698,-12.1788,-2.88809,54615,1.2922e+09
6.78471,-12.182,-2.88702,54616,1.2922e+09
6.7716,-12.1854,-2.88574,54617,1.2922e+09
6.75934,-12.1886,-2.88436,54618,1.2922e+09
6.74709,-12.1918,-2.88294,54619,1.2922e+09
6.734,-12.1953,-2.88151,54620,1.2922e+09
6.70867,-12.202,-2.87861,54622,1.2922e+09
6.65891,-12.2155,-2.87298,54626,1.2922e+09
6.621,-12.226,-2.87203,54629,1.2922e+09
6.60836,-12.2295,-2.87207,54630,1.2922e+09
6.55696,-12.2436,-2.87512,54634,1.2922e+09
6.54473,-12.247,-2.87634,54635,1.2922e+09
6.5325,-12.2503,-2.87781,54636,1.2922e+09
6.51985,-12.2537,-2.87851,54637,1.2922e+09
6.50719,-12.2571,-2.87887,54638,1.2922e+09
6.49411,-12.2606,-2.87997,54639,1.2922e+09
6.48144,-12.264,-2.88225,54640,1.2922e+09
6.46835,-12.2675,-2.88419,54641,1.2922e+09
6.45567,-12.2708,-2.88685,54642,1.2922e+09
6.44299,-12.2741,-2.88807,54643,1.2922e+09
6.43029,-12.2774,-2.89041,54644,1.2922e+09
6.41759,-12.2807,-2.89324,54645,1.2922e+09
6.40531,-12.2838,-2.89541,54646,1.2922e+09
6.39259,-12.287,-2.89817,54647,1.2922e+09
6.37987,-12.2902,-2.90119,54648,1.2922e+09
6.36714,-12.2933,-2.90431,54649,1.2922e+09
6.35439,-12.2964,-2.90749,54650,1.2922e+09
6.34164,-12.2994,-2.91069,54651,1.2922e+09
6.3293,-12.3023,-2.91477,54652,1.2922e+09
6.31653,-12.3052,-2.91836,54653,1.2922e+09
6.30374,-12.3081,-2.92174,54654,1.2922e+09
6.29137,-12.3109,-2.9259,54655,1.2922e+09
6.27856,-12.3137,-2.92953,54656,1.2922e+09
6.2666,-12.3163,-2.93292,54657,1.2922e+09
6.25378,-12.319,-2.93622,54658,1.2922e+09
6.24094,-12.3217,-2.94121,54659,1.2922e+09
6.22895,-12.3241,-2.94521,54660,1.2922e+09
6.21609,-12.3267,-2.94876,54661,1.2922e+09
6.20365,-12.3291,-2.953,54662,1.2922e+09
6.1912,-12.3315,-2.95753,54663,1.2922e+09
6.17874,-12.3338,-2.9622,54664,1.2922e+09
6.16626,-12.3361,-2.96692,54665,1.2922e+09
6.15421,-12.3382,-2.97079,54666,1.2922e+09
6.14129,-12.3404,-2.97604,54667,1.2922e+09
6.12922,-12.3424,-2.98014,54668,1.2922e+09
6.11671,-12.3445,-2.98462,54669,1.2922e+09
6.10419,-12.3465,-2.98926,54670,1.2922e+09
6.09167,-12.3484,-2.99397,54671,1.2922e+09
6.07913,-12.3502,-2.99871,54672,1.2922e+09
6.06658,-12.352,-3.00347,54673,1.2922e+09
6.05403,-12.3538,-3.00823,54674,1.2922e+09
6.04147,-12.3555,-3.01299,54675,1.2922e+09
6.02846,-12.3572,-3.01689,54676,1.2922e+09
6.01589,-12.3587,-3.02127,54677,1.2922e+09
6.0033,-12.3603,-3.02587,54678,1.2922e+09
5.99028,-12.3618,-3.02969,54679,1.2922e+09
5.97769,-12.3632,-3.03404,54680,1.2922e+09
5.96465,-12.3646,-3.03776,54681,1.2922e+09
5.95117,-12.366,-3.04207,54682,1.2922e+09
5.939,-12.3672,-3.04576,54683,1.2922e+09
5.92508,-12.3686,-3.04918,54684,1.2922e+09
5.91202,-12.3698,-3.05249,54685,1.2922e+09
5.89853,-12.371,-3.05488,54686,1.2922e+09
5.8846,-12.3722,-3.05773,54687,1.2922e+09
5.8711,-12.3733,-3.05992,54688,1.2922e+09
5.85803,-12.3744,-3.06268,54689,1.2922e+09
5.84409,-12.3755,-3.06395,54690,1.2922e+09
5.83015,-12.3766,-3.06632,54691,1.2922e+09
5.81664,-12.3776,-3.0683,54692,1.2922e+09
5.80226,-12.3786,-3.0701,54693,1.2922e+09
5.78787,-12.3797,-3.07183,54694,1.2922e+09
5.77349,-12.3807,-3.07352,54695,1.2922e+09
5.75997,-12.3816,-3.0752,54696,1.2922e+09
5.74515,-12.3826,-3.076,54697,1.2922e+09
5.73032,-12.3836,-3.07642,54698,1.2922e+09
5.71593,-12.3845,-3.07754,54699,1.2922e+09
5.70198,-12.3854,-3.0781,54700,1.2922e+09
5.68715,-12.3863,-3.07841,54701,1.2922e+09
5.6732,-12.3872,-3.0786,54702,1.2922e+09
5.65881,-12.3881,-3.07963,54703,1.2922e+09
5.64398,-12.3891,-3.0784,54704,1.2922e+09
5.62959,-12.39,-3.0788,54705,1.2922e+09
5.6152,-12.3909,-3.07816,54706,1.2922e+09
5.60037,-12.3918,-3.07795,54707,1.2922e+09
5.58511,-12.3928,-3.07705,54708,1.2922e+09
5.57072,-12.3937,-3.07585,54709,1.2922e+09
5.55633,-12.3947,-3.07452,54710,1.2922e+09
5.54151,-12.3957,-3.074,54711,1.2922e+09
5.52712,-12.3966,-3.07296,54712,1.2922e+09
5.51274,-12.3976,-3.0717,54713,1.2922e+09
5.49835,-12.3986,-3.07034,54714,1.2922e+09
5.48397,-12.3996,-3.06893,54715,1.2922e+09
5.46959,-12.4007,-3.06751,54716,1.2922e+09
5.45521,-12.4018,-3.06607,54717,1.2922e+09
5.44127,-12.4028,-3.06376,54718,1.2922e+09
5.42646,-12.404,-3.06107,54719,1.2922e+09
5.41296,-12.4051,-3.05907,54720,1.2922e+09
5.39859,-12.4062,-3.05739,54721,1.2922e+09
5.3851,-12.4074,-3.05409,54722,1.2922e+09
5.37073,-12.4086,-3.05009,54723,1.2922e+09
5.35594,-12.41,-3.04666,54724,1.2922e+09
5.34159,-12.4114,-3.0426,54725,1.2922e+09
5.32724,-12.4128,-3.03826,54726,1.2922e+09
5.3129,-12.4143,-3.03381,54727,1.2922e+09
5.29857,-12.4158,-3.0293,54728,1.2922e+09
5.28468,-12.4174,-3.02389,54729,1.2922e+09
5.2708,-12.419,-3.01809,54730,1.2922e+09
5.25693,-12.4208,-3.01211,54731,1.2922e+09
5.24263,-12.4226,-3.00519,54732,1.2922e+09
5.22878,-12.4245,-2.99873,54733,1.2922e+09
5.21451,-12.4266,-2.99159,54734,1.2922e+09
5.20069,-12.4287,-2.98328,54735,1.2922e+09
5.18646,-12.4309,-2.97534,54736,1.2922e+09
5.17268,-12.4333,-2.96668,54737,1.2922e+09
5.15891,-12.4357,-2.95771,54738,1.2922e+09
5.14517,-12.4382,-2.9486,54739,1.2922e+09
5.13188,-12.4408,-2.93855,54740,1.2922e+09
5.11819,-12.4437,-2.92897,54741,1.2922e+09
5.10496,-12.4465,-2.91871,54742,1.2922e+09
5.09133,-12.4496,-2.90729,54743,1.2922e+09
5.07816,-12.4527,-2.89623,54744,1.2922e+09
5.06545,-12.4559,-2.88446,54745,1.2922e+09
5.05194,-12.4595,-2.87237,54746,1.2922e+09
5.03931,-12.463,-2.86014,54747,1.2922e+09
5.02672,-12.4666,-2.84786,54748,1.2922e+09
5.01418,-12.4704,-2.83554,54749,1.2922e+09
5.00169,-12.4743,-2.82321,54750,1.2922e+09
4.98925,-12.4784,-2.81088,54751,1.2922e+09
4.97727,-12.4826,-2.79767,54752,1.2922e+09
4.96494,-12.487,-2.78495,54753,1.2922e+09
4.95266,-12.4915,-2.7707,54754,1.2922e+09
4.94086,-12.4961,-2.75665,54755,1.2922e+09
4.92953,-12.5007,-2.74356,54756,1.2922e+09
4.91745,-12.5058,-2.72915,54757,1.2922e+09
4.90665,-12.5105,-2.71502,54758,1.2922e+09
4.89512,-12.5158,-2.70102,54759,1.2922e+09
4.88407,-12.521,-2.68621,54760,1.2922e+09
4.87309,-12.5264,-2.67104,54761,1.2922e+09
4.86219,-12.5319,-2.6557,54762,1.2922e+09
4.85176,-12.5374,-2.64118,54763,1.2922e+09
4.84066,-12.5435,-2.62526,54764,1.2922e+09
4.8304,-12.5493,-2.61047,54765,1.2922e+09
4.82024,-12.5553,-2.59444,54766,1.2922e+09
4.79909,-12.5684,-2.56229,54768,1.2922e+09
4.78959,-12.5746,-2.5464,54769,1.2922e+09
4.77947,-12.5815,-2.53076,54770,1.2922e+09
4.76946,-12.5885,-2.51522,54771,1.2922e+09
4.75955,-12.5956,-2.49973,54772,1.2922e+09
4.74976,-12.603,-2.48426,54773,1.2922e+09
4.74043,-12.6102,-2.46968,54774,1.2922e+09
4.7312,-12.6175,-2.45547,54775,1.2922e+09
4.72174,-12.6252,-2.44057,54776,1.2922e+09
4.71273,-12.6328,-2.42623,54777,1.2922e+09
4.7035,-12.6409,-2.41126,54778,1.2922e+09
4.6944,-12.649,-2.39777,54779,1.2922e+09
4.68508,-12.6576,-2.38405,54780,1.2922e+09
4.67619,-12.666,-2.37111,54781,1.2922e+09
4.66711,-12.6748,-2.35763,54782,1.2922e+09
4.65845,-12.6835,-2.34479,54783,1.2922e+09
4.65021,-12.6919,-2.33135,54784,1.2922e+09
4.64118,-12.7014,-2.31853,54785,1.2922e+09
4.63257,-12.7107,-2.30686,54786,1.2922e+09
4.62436,-12.7197,-2.29481,54787,1.2922e+09
4.61597,-12.7292,-2.28347,54788,1.2922e+09
4.6074,-12.7391,-2.27332,54789,1.2922e+09
4.59922,-12.7488,-2.26281,54790,1.2922e+09
4.59058,-12.7592,-2.25215,54791,1.2922e+09
4.58232,-12.7694,-2.2423,54792,1.2922e+09
4.57417,-12.7797,-2.2328,54793,1.2922e+09
4.56585,-12.7903,-2.22433,54794,1.2922e+09
4.55788,-12.8007,-2.21543,54795,1.2922e+09
4.54975,-12.8116,-2.20723,54796,1.2922e+09
4.5417,-12.8224,-2.19932,54797,1.2922e+09
4.53348,-12.8338,-2.19243,54798,1.2922e+09
4.51728,-12.8565,-2.17933,54800,1.2922e+09
4.50954,-12.8677,-2.1725,54801,1.2922e+09
4.50163,-12.8792,-2.16782,54802,1.2922e+09
4.49402,-12.8904,-2.16321,54803,1.2922e+09
4.48621,-12.902,-2.15776,54804,1.2922e+09
4.47847,-12.9136,-2.15368,54805,1.2922e+09
4.47101,-12.9249,-2.14934,54806,1.2922e+09
4.46361,-12.9363,-2.14662,54807,1.2922e+09
4.45552,-12.9487,-2.14375,54808,1.2922e+09
4.44817,-12.9601,-2.14168,54809,1.2922e+09
4.44062,-12.9719,-2.13909,54810,1.2922e+09
4.43333,-12.9833,-2.13714,54811,1.2922e+09
4.42559,-12.9955,-2.13548,54812,1.2922e+09
4.41835,-13.0069,-2.13394,54813,1.2922e+09
4.41111,-13.0183,-2.13245,54814,1.2922e+09
4.4039,-13.0298,-2.13098,54815,1.2922e+09
4.3967,-13.0413,-2.12953,54816,1.2922e+09
4.38976,-13.0524,-2.12895,54817,1.2922e+09
4.38235,-13.0643,-2.12876,54818,1.2922e+09
4.37495,-13.0761,-2.12874,54819,1.2922e+09
4.36777,-13.0876,-2.12967,54820,1.2922e+09
4.36036,-13.0995,-2.13014,54821,1.2922e+09
4.35317,-13.111,-2.12953,54822,1.2922e+09
4.34576,-13.1228,-2.12932,54823,1.2922e+09
4.33858,-13.1343,-2.13017,54824,1.2922e+09
4.33163,-13.1454,-2.1306,54825,1.2922e+09
4.3242,-13.1573,-2.13085,54826,1.2922e+09
4.31677,-13.1691,-2.13102,54827,1.2922e+09
4.30981,-13.1802,-2.13116,54828,1.2922e+09
4.30261,-13.1917,-2.13215,54829,1.2922e+09
4.2954,-13.2031,-2.13177,54830,1.2922e+09
4.28842,-13.2142,-2.13167,54831,1.2922e+09
4.28145,-13.2253,-2.13168,54832,1.2922e+09
4.27424,-13.2368,-2.13087,54833,1.2922e+09
4.26682,-13.2487,-2.13058,54834,1.2922e+09
4.25962,-13.2601,-2.12964,54835,1.2922e+09
4.25267,-13.2713,-2.12929,54836,1.2922e+09
4.2455,-13.2827,-2.12832,54837,1.2922e+09
4.23833,-13.2942,-2.12708,54838,1.2922e+09
4.23118,-13.3057,-2.12573,54839,1.2922e+09
4.22404,-13.3173,-2.12432,54840,1.2922e+09
4.21692,-13.3288,-2.12289,54841,1.2922e+09
4.21005,-13.3399,-2.12058,54842,1.2922e+09
4.20274,-13.3519,-2.11788,54843,1.2922e+09
4.19592,-13.3631,-2.11501,54844,1.2922e+09
4.18868,-13.375,-2.11207,54845,1.2922e+09
4.18171,-13.3866,-2.10822,54846,1.2922e+09
4.17455,-13.3986,-2.10484,54847,1.2922e+09
4.16766,-13.4103,-2.10081,54848,1.2922e+09
4.16059,-13.4223,-2.09735,54849,1.2922e+09
4.15378,-13.4341,-2.09328,54850,1.2922e+09
4.14702,-13.4458,-2.08893,54851,1.2922e+09
4.14053,-13.4572,-2.08534,54852,1.2922e+09
4.13408,-13.4686,-2.08033,54853,1.2922e+09
4.12748,-13.4804,-2.07558,54854,1.2922e+09
4.12093,-13.4923,-2.07093,54855,1.2922e+09
4.11443,-13.5041,-2.06634,54856,1.2922e+09
4.1082,-13.5157,-2.06089,54857,1.2922e+09
4.10183,-13.5276,-2.05594,54858,1.2922e+09
4.09551,-13.5396,-2.05121,54859,1.2922e+09
4.08966,-13.5508,-2.04658,54860,1.2922e+09
4.08365,-13.5625,-2.04286,54861,1.2922e+09
4.0775,-13.5746,-2.03867,54862,1.2922e+09
4.07139,-13.5866,-2.03427,54863,1.2922e+09
4.06553,-13.5984,-2.03066,54864,1.2922e+09
4.05952,-13.6105,-2.02651,54865,1.2922e+09
4.05356,-13.6227,-2.02214,54866,1.2922e+09
4.04784,-13.6345,-2.01853,54867,1.2922e+09
4.04198,-13.6467,-2.01439,54868,1.2922e+09
4.03616,-13.6589,-2.01002,54869,1.2922e+09
4.03059,-13.6708,-2.00641,54870,1.2922e+09
4.02488,-13.683,-2.00402,54871,1.2922e+09
4.01956,-13.6945,-2.00041,54872,1.2922e+09
4.01373,-13.7072,-1.99714,54873,1.2922e+09
4.00813,-13.7196,-1.99489,54874,1.2922e+09
4.00274,-13.7315,-1.99222,54875,1.2922e+09
3.99702,-13.7443,-1.98937,54876,1.2922e+09
3.99134,-13.7571,-1.98818,54877,1.2922e+09
3.98602,-13.769,-1.98597,54878,1.2922e+09
3.98056,-13.7814,-1.98419,54879,1.2922e+09
3.97512,-13.7938,-1.9826,54880,1.2922e+09
3.9697,-13.8063,-1.98283,54881,1.2922e+09
3.96427,-13.8187,-1.98212,54882,1.2922e+09
3.95886,-13.8311,-1.981,54883,1.2922e+09
3.95363,-13.8431,-1.98057,54884,1.2922e+09
3.94841,-13.8551,-1.98044,54885,1.2922e+09
3.94301,-13.8675,-1.97957,54886,1.2922e+09
3.9378,-13.8796,-1.97924,54887,1.2922e+09
3.93259,-13.8916,-1.97916,54888,1.2922e+09
3.92721,-13.904,-1.98006,54889,1.2922e+09
3.92182,-13.9165,-1.97964,54890,1.2922e+09
3.91661,-13.9285,-1.97952,54891,1.2922e+09
3.9114,-13.9405,-1.97952,54892,1.2922e+09
3.90619,-13.9526,-1.97958,54893,1.2922e+09
3.90081,-13.965,-1.98054,54894,1.2922e+09
3.89559,-13.977,-1.98102,54895,1.2922e+09
3.89053,-13.9886,-1.98216,54896,1.2922e+09
3.88529,-14.0006,-1.98272,54897,1.2922e+09
3.88004,-14.0127,-1.98303,54898,1.2922e+09
3.87479,-14.0247,-1.98322,54899,1.2922e+09
3.86971,-14.0363,-1.98423,54900,1.2922e+09
3.86427,-14.0487,-1.98561,54901,1.2922e+09
3.85916,-14.0603,-1.98715,54902,1.2922e+09
3.85403,-14.0719,-1.98875,54903,1.2922e+09
3.84907,-14.0831,-1.99126,54904,1.2922e+09
3.84354,-14.0954,-1.99329,54905,1.2922e+09
3.83852,-14.1066,-1.99598,54906,1.2922e+09
3.83311,-14.1185,-1.99897,54907,1.2922e+09
3.82767,-14.1305,-2.00208,54908,1.2922e+09
3.82237,-14.142,-2.00613,54909,1.2922e+09
3.81721,-14.1531,-2.0097,54910,1.2922e+09
3.81201,-14.1641,-2.01307,54911,1.2922e+09
3.80659,-14.1756,-2.01722,54912,1.2922e+09
3.8013,-14.1866,-2.02085,54913,1.2922e+09
3.79598,-14.1977,-2.02598,54914,1.2922e+09
3.79079,-14.2083,-2.03091,54915,1.2922e+09
3.78536,-14.2192,-2.03662,54916,1.2922e+09
3.78025,-14.2294,-2.04266,54917,1.2922e+09
3.77489,-14.2399,-2.04799,54918,1.2922e+09
3.76967,-14.25,-2.05387,54919,1.2922e+09
3.76459,-14.2597,-2.06086,54920,1.2922e+09
3.75924,-14.2697,-2.06747,54921,1.2922e+09
3.75403,-14.2793,-2.07478,54922,1.2922e+09
3.74876,-14.2889,-2.08241,54923,1.2922e+09
3.74362,-14.298,-2.08929,54924,1.2922e+09
3.73864,-14.3067,-2.09672,54925,1.2922e+09
3.73359,-14.3154,-2.10439,54926,1.2922e+09
3.72825,-14.3245,-2.11129,54927,1.2922e+09
3.72285,-14.3335,-2.1196,54928,1.2922e+09
3.71806,-14.3413,-2.12765,54929,1.2922e+09
3.71252,-14.3502,-2.13647,54930,1.2922e+09
3.70713,-14.3587,-2.14475,54931,1.2922e+09
3.70191,-14.3668,-2.15366,54932,1.2922e+09
3.69685,-14.3744,-2.16198,54933,1.2922e+09
3.69149,-14.3824,-2.17091,54934,1.2922e+09
3.68606,-14.3904,-2.1801,54935,1.2922e+09
3.68105,-14.3975,-2.18941,54936,1.2922e+09
3.67573,-14.405,-2.1979,54937,1.2922e+09
3.67034,-14.4125,-2.20778,54938,1.2922e+09
3.66514,-14.4195,-2.21739,54939,1.2922e+09
3.65934,-14.4272,-2.22689,54940,1.2922e+09
3.65374,-14.4344,-2.23721,54941,1.2922e+09
3.64834,-14.4413,-2.24701,54942,1.2922e+09
3.64259,-14.4485,-2.25746,54943,1.2922e+09
3.63705,-14.4552,-2.26732,54944,1.2922e+09
3.63143,-14.462,-2.27867,54945,1.2922e+09
3.62575,-14.4686,-2.28893,54946,1.2922e+09
3.62028,-14.4749,-2.29957,54947,1.2922e+09
3.61445,-14.4814,-2.31127,54948,1.2922e+09
3.60856,-14.4878,-2.32167,54949,1.2922e+09
3.60289,-14.4939,-2.33239,54950,1.2922e+09
3.59685,-14.5002,-2.34411,54951,1.2922e+09
3.59105,-14.5062,-2.3554,54952,1.2922e+09
3.58487,-14.5124,-2.36737,54953,1.2922e+09
3.57892,-14.5182,-2.38052,54954,1.2922e+09
3.57291,-14.5239,-2.39244,54955,1.2922e+09
3.5665,-14.5299,-2.40469,54956,1.2922e+09
3.56067,-14.5352,-2.41708,54957,1.2922e+09
3.55478,-14.5404,-2.42953,54958,1.2922e+09
3.54815,-14.5461,-2.44202,54959,1.2922e+09
3.54213,-14.5512,-2.45452,54960,1.2922e+09
3.53537,-14.5567,-2.46702,54961,1.2922e+09
3.52922,-14.5616,-2.47952,54962,1.2922e+09
3.52266,-14.5667,-2.4929,54963,1.2922e+09
3.51604,-14.5718,-2.50667,54964,1.2922e+09
3.5097,-14.5764,-2.51972,54965,1.2922e+09
3.50295,-14.5813,-2.53334,54966,1.2922e+09
3.49613,-14.586,-2.54721,54967,1.2922e+09
3.4896,-14.5904,-2.56031,54968,1.2922e+09
3.48266,-14.595,-2.57396,54969,1.2922e+09
3.47602,-14.5992,-2.58871,54970,1.2922e+09
3.46894,-14.6036,-2.60307,54971,1.2922e+09
3.46218,-14.6076,-2.61639,54972,1.2922e+09
3.45499,-14.6118,-2.63012,54973,1.2922e+09
3.44813,-14.6157,-2.64317,54974,1.2922e+09
3.44083,-14.6196,-2.65678,54975,1.2922e+09
3.43425,-14.6231,-2.67065,54976,1.2922e+09
3.42684,-14.6269,-2.68462,54977,1.2922e+09
3.41978,-14.6303,-2.69777,54978,1.2922e+09
3.41227,-14.6339,-2.71143,54979,1.2922e+09
3.40511,-14.6372,-2.72444,54980,1.2922e+09
3.39752,-14.6406,-2.73804,54981,1.2922e+09
3.38987,-14.6438,-2.75016,54982,1.2922e+09
3.38219,-14.647,-2.76337,54983,1.2922e+09
3.37488,-14.6499,-2.77618,54984,1.2922e+09
3.36671,-14.653,-2.78882,54985,1.2922e+09
3.35932,-14.6557,-2.80139,54986,1.2922e+09
3.35148,-14.6585,-2.81479,54987,1.2922e+09
3.3432,-14.6613,-2.8277,54988,1.2922e+09
3.33571,-14.6638,-2.84037,54989,1.2922e+09
3.32736,-14.6664,-2.85296,54990,1.2922e+09
3.31981,-14.6686,-2.8655,54991,1.2922e+09
3.31181,-14.6709,-2.87889,54992,1.2922e+09
3.30421,-14.6729,-2.89179,54993,1.2922e+09
3.29616,-14.675,-2.90534,54994,1.2922e+09
3.2885,-14.6768,-2.9183,54995,1.2922e+09
3.2804,-14.6786,-2.93188,54996,1.2922e+09
3.2727,-14.6803,-2.94486,54997,1.2922e+09
3.26498,-14.6818,-2.95757,54998,1.2922e+09
3.25723,-14.6833,-2.97016,54999,1.2922e+09
3.24948,-14.6846,-2.9827,55000,1.2922e+09
3.2417,-14.6858,-2.99522,55001,1.2922e+09
3.23435,-14.6869,-3.00861,55002,1.2922e+09
3.22654,-14.688,-3.0215,55003,1.2922e+09
3.21916,-14.6889,-3.03329,55004,1.2922e+09
3.21177,-14.6897,-3.04636,55005,1.2922e+09
3.20436,-14.6904,-3.05998,55006,1.2922e+09
3.19739,-14.6909,-3.07297,55007,1.2922e+09
3.18953,-14.6915,-3.08569,55008,1.2922e+09
3.18254,-14.6919,-3.09828,55009,1.2922e+09
3.17599,-14.6922,-3.11169,55010,1.2922e+09
3.16899,-14.6924,-3.12459,55011,1.2922e+09
3.16155,-14.6925,-3.13814,55012,1.2922e+09
3.15499,-14.6925,-3.15196,55013,1.2922e+09
3.14887,-14.6925,-3.16504,55014,1.2922e+09
3.14187,-14.6923,-3.17779,55015,1.2922e+09
3.13531,-14.6921,-3.19127,55016,1.2922e+09
3.12876,-14.6917,-3.20507,55017,1.2922e+09
3.12308,-14.6914,-3.21901,55018,1.2922e+09
3.11697,-14.6909,-3.23213,55019,1.2922e+09
3.11087,-14.6903,-3.2449,55020,1.2922e+09
3.10521,-14.6898,-3.25838,55021,1.2922e+09
3.09956,-14.6891,-3.27218,55022,1.2922e+09
3.09392,-14.6884,-3.28611,55023,1.2922e+09
3.08829,-14.6875,-3.30011,55024,1.2922e+09
3.08224,-14.6866,-3.315,55025,1.2922e+09
3.07663,-14.6856,-3.32942,55026,1.2922e+09
3.0719,-14.6847,-3.34362,55027,1.2922e+09
3.06676,-14.6836,-3.3586,55028,1.2922e+09
3.06205,-14.6826,-3.3748,55029,1.2922e+09
3.05737,-14.6815,-3.38978,55030,1.2922e+09
3.05312,-14.6804,-3.40685,55031,1.2922e+09
3.04889,-14.6793,-3.42309,55032,1.2922e+09
3.04469,-14.678,-3.43896,55033,1.2922e+09
3.04008,-14.6766,-3.45554,55034,1.2922e+09
3.03675,-14.6755,-3.47156,55035,1.2922e+09
3.0326,-14.6741,-3.48909,55036,1.2922e+09
3.02972,-14.6731,-3.50639,55037,1.2922e+09
3.02644,-14.6718,-3.52273,55038,1.2922e+09
3.02278,-14.6704,-3.53951,55039,1.2922e+09
3.01995,-14.6692,-3.55649,55040,1.2922e+09
3.01674,-14.6678,-3.57443,55041,1.2922e+09
3.01356,-14.6663,-3.59279,55042,1.2922e+09
3.01079,-14.6649,-3.61046,55043,1.2922e+09
3.00806,-14.6636,-3.62783,55044,1.2922e+09
3.00496,-14.6619,-3.64594,55045,1.2922e+09
3.00265,-14.6607,-3.66437,55046,1.2922e+09
2.99999,-14.6591,-3.68207,55047,1.2922e+09
2.99773,-14.6578,-3.70032,55048,1.2922e+09
2.99513,-14.6561,-3.71794,55049,1.2922e+09
2.99292,-14.6547,-3.73616,55050,1.2922e+09
2.99074,-14.6532,-3.75464,55051,1.2922e+09
2.98823,-14.6515,-3.77236,55052,1.2922e+09
2.9861,-14.6499,-3.79062,55053,1.2922e+09
2.984,-14.6483,-3.80912,55054,1.2922e+09
2.98194,-14.6467,-3.82772,55055,1.2922e+09
2.9799,-14.645,-3.84637,55056,1.2922e+09
2.97756,-14.643,-3.86416,55057,1.2922e+09
2.97558,-14.6413,-3.88246,55058,1.2922e+09
2.97332,-14.6392,-3.90184,55059,1.2922e+09
2.97109,-14.6371,-3.91996,55060,1.2922e+09
2.96922,-14.6352,-3.9384,55061,1.2922e+09
2.96738,-14.6334,-3.95697,55062,1.2922e+09
2.96497,-14.6308,-3.97561,55063,1.2922e+09
2.96291,-14.6285,-3.99515,55064,1.2922e+09
2.96118,-14.6266,-4.01421,55065,1.2922e+09
2.9592,-14.6242,-4.03393,55066,1.2922e+09
2.95728,-14.6218,-4.05394,55067,1.2922e+09
2.95513,-14.619,-4.07321,55068,1.2922e+09
2.95278,-14.6159,-4.09303,55069,1.2922e+09
2.95099,-14.6134,-4.11309,55070,1.2922e+09
2.94877,-14.6101,-4.13325,55071,1.2922e+09
2.94637,-14.6064,-4.15259,55072,1.2922e+09
2.94358,-14.602,-4.17157,55073,1.2922e+09
2.9411,-14.5979,-4.18952,55074,1.2922e+09
2.93847,-14.5933,-4.2079,55075,1.2922e+09
2.93572,-14.5883,-4.22558,55076,1.2922e+09
2.93306,-14.5833,-4.24297,55077,1.2922e+09
2.93049,-14.5782,-4.26197,55078,1.2922e+09
2.92801,-14.5731,-4.27993,55079,1.2922e+09
2.92544,-14.5675,-4.29657,55080,1.2922e+09
2.92279,-14.5615,-4.3135,55081,1.2922e+09
2.92007,-14.5551,-4.33143,55082,1.2922e+09
2.91746,-14.5486,-4.34806,55083,1.2922e+09
2.91466,-14.5412,-4.36411,55084,1.2922e+09
2.91212,-14.5342,-4.38079,55085,1.2922e+09
2.90956,-14.5268,-4.39687,55086,1.2922e+09
2.90725,-14.5197,-4.41356,55087,1.2922e+09
2.90493,-14.5122,-4.42965,55088,1.2922e+09
2.90273,-14.5046,-4.44547,55089,1.2922e+09
2.90054,-14.4966,-4.46205,55090,1.2922e+09
2.89859,-14.489,-4.47809,55091,1.2922e+09
2.89676,-14.4813,-4.49389,55092,1.2922e+09
2.89496,-14.4732,-4.51046,55093,1.2922e+09
2.8932,-14.4646,-4.5265,55094,1.2922e+09
2.89167,-14.4564,-4.54317,55095,1.2922e+09
2.89019,-14.4478,-4.55925,55096,1.2922e+09
2.88899,-14.44,-4.57507,55097,1.2922e+09
2.88785,-14.4318,-4.59165,55098,1.2922e+09
2.88685,-14.4236,-4.60856,55099,1.2922e+09
2.88595,-14.4149,-4.62475,55100,1.2922e+09
2.88518,-14.4061,-4.64062,55101,1.2922e+09
2.88458,-14.3978,-4.65722,55102,1.2922e+09
2.8841,-14.3891,-4.67327,55103,1.2922e+09
2.88378,-14.3808,-4.68995,55104,1.2922e+09
2.88358,-14.3721,-4.70604,55105,1.2922e+09
2.88353,-14.3637,-4.72273,55106,1.2922e+09
2.88361,-14.3554,-4.7397,55107,1.2922e+09
2.88383,-14.3476,-4.7559,55108,1.2922e+09
2.88421,-14.3388,-4.77178,55109,1.2922e+09
2.8847,-14.3305,-4.78839,55110,1.2922e+09
2.88533,-14.3222,-4.80356,55111,1.2922e+09
2.88609,-14.314,-4.81986,55112,1.2922e+09
2.88694,-14.3061,-4.83577,55113,1.2922e+09
2.88801,-14.2974,-4.85152,55114,1.2922e+09
2.8891,-14.2896,-4.8672,55115,1.2922e+09
2.89045,-14.281,-4.88284,55116,1.2922e+09
2.89179,-14.2732,-4.89847,55117,1.2922e+09
2.89333,-14.2651,-4.91496,55118,1.2922e+09
2.895,-14.2569,-4.93009,55119,1.2922e+09
2.89679,-14.2488,-4.94462,55120,1.2922e+09
2.89871,-14.2407,-4.96063,55121,1.2922e+09
2.90075,-14.2327,-4.97555,55122,1.2922e+09
2.9028,-14.2251,-4.99086,55123,1.2922e+09
2.90508,-14.2171,-5.00547,55124,1.2922e+09
2.90748,-14.2091,-5.02152,55125,1.2922e+09
2.91001,-14.2012,-5.03645,55126,1.2922e+09
2.91266,-14.1933,-5.05089,55127,1.2922e+09
2.91527,-14.1859,-5.066,55128,1.2922e+09
2.9183,-14.1777,-5.08139,55129,1.2922e+09
2.9213,-14.1699,-5.09603,55130,1.2922e+09
2.92425,-14.1626,-5.11122,55131,1.2922e+09
2.92782,-14.1542,-5.12578,55132,1.2922e+09
2.9308,-14.1474,-5.14006,55133,1.2922e+09
2.93443,-14.1394,-5.15509,55134,1.2922e+09
2.93799,-14.1319,-5.16958,55135,1.2922e+09
2.94147,-14.1248,-5.1847,55136,1.2922e+09
2.94525,-14.1174,-5.19923,55137,1.2922e+09
2.94914,-14.1101,-5.21349,55138,1.2922e+09
2.95292,-14.1032,-5.22851,55139,1.2922e+09
2.95702,-14.0959,-5.243,55140,1.2922e+09
2.96101,-14.0891,-5.25812,55141,1.2922e+09
2.96532,-14.082,-5.27264,55142,1.2922e+09
2.96951,-14.0754,-5.28778,55143,1.2922e+09
2.97403,-14.0684,-5.30231,55144,1.2922e+09
2.97841,-14.0618,-5.31745,55145,1.2922e+09
2.98314,-14.055,-5.33198,55146,1.2922e+09
2.98771,-14.0486,-5.34713,55147,1.2922e+09
2.99238,-14.0423,-5.36253,55148,1.2922e+09
2.99741,-14.0356,-5.37718,55149,1.2922e+09
3.00227,-14.0294,-5.39238,55150,1.2922e+09
3.0075,-14.023,-5.40693,55151,1.2922e+09
3.01254,-14.0169,-5.42208,55152,1.2922e+09
3.01767,-14.011,-5.4375,55153,1.2922e+09
3.02318,-14.0047,-5.45215,55154,1.2922e+09
3.02849,-13.9989,-5.46734,55155,1.2922e+09
3.03388,-13.9932,-5.48102,55156,1.2922e+09
3.03905,-13.9878,-5.49492,55157,1.2922e+09
3.0443,-13.9826,-5.5089,55158,1.2922e+09
3.04993,-13.9771,-5.52205,55159,1.2922e+09
3.05594,-13.9713,-5.53572,55160,1.2922e+09
3.0614,-13.9663,-5.5496,55161,1.2922e+09
3.06757,-13.9607,-5.56183,55162,1.2922e+09
3.07315,-13.9558,-5.57335,55163,1.2922e+09
3.07913,-13.9507,-5.58541,55164,1.2922e+09
3.08549,-13.9453,-5.59686,55165,1.2922e+09
3.09158,-13.9403,-5.60889,55166,1.2922e+09
3.09773,-13.9354,-5.61945,55167,1.2922e+09
3.10393,-13.9306,-5.62935,55168,1.2922e+09
3.11018,-13.9258,-5.63896,55169,1.2922e+09
3.11612,-13.9213,-5.64758,55170,1.2922e+09
3.12281,-13.9164,-5.65576,55171,1.2922e+09
3.12918,-13.9118,-5.66462,55172,1.2922e+09
3.1363,-13.9067,-5.67204,55173,1.2922e+09
3.14311,-13.9019,-5.67969,55174,1.2922e+09
3.14959,-13.8975,-5.68658,55175,1.2922e+09
3.15537,-13.8935,-5.69312,55176,1.2922e+09
3.16191,-13.8892,-5.69952,55177,1.2922e+09
3.16775,-13.8853,-5.70585,55178,1.2922e+09
3.17397,-13.8813,-5.71127,55179,1.2922e+09
3.17986,-13.8775,-5.71718,55180,1.2922e+09
3.18576,-13.8737,-5.72154,55181,1.2922e+09
3.19205,-13.8698,-5.72611,55182,1.2922e+09
3.19799,-13.8661,-5.72989,55183,1.2922e+09
3.20356,-13.8626,-5.7342,55184,1.2922e+09
3.20916,-13.8592,-5.73874,55185,1.2922e+09
3.21402,-13.8562,-5.74162,55186,1.2922e+09
3.21926,-13.8531,-5.74466,55187,1.2922e+09
3.22377,-13.8504,-5.74777,55188,1.2922e+09
3.22828,-13.8477,-5.7509,55189,1.2922e+09
3.23317,-13.8448,-5.75317,55190,1.2922e+09
3.23732,-13.8424,-5.75506,55191,1.2922e+09
3.24223,-13.8396,-5.75678,55192,1.2922e+09
3.24601,-13.8374,-5.75756,55193,1.2922e+09
3.25016,-13.8349,-5.7588,55194,1.2922e+09
3.25432,-13.8325,-5.75849,55195,1.2922e+09
3.25773,-13.8306,-5.75924,55196,1.2922e+09
3.26113,-13.8286,-5.75872,55197,1.2922e+09
3.26416,-13.8268,-5.7585,55198,1.2922e+09
3.26756,-13.8249,-5.75755,55199,1.2922e+09
3.27021,-13.8233,-5.75627,55200,1.2922e+09
3.27285,-13.8218,-5.7566,55201,1.2922e+09
3.27512,-13.8205,-5.75501,55202,1.2922e+09
3.277,-13.8194,-5.75345,55203,1.2922e+09
3.27964,-13.8178,-5.7519,55204,1.2922e+09
3.28115,-13.817,-5.74949,55205,1.2922e+09
3.28227,-13.8163,-5.74756,55206,1.2922e+09
3.28415,-13.8152,-5.74585,55207,1.2922e+09
3.28528,-13.8145,-5.74424,55208,1.2922e+09
3.28602,-13.8141,-5.74179,55209,1.2922e+09
3.28677,-13.8136,-5.74072,55210,1.2922e+09
3.28715,-13.8134,-5.73938,55211,1.2922e+09
3.28752,-13.8132,-5.73792,55212,1.2922e+09
3.28789,-13.8129,-5.7364,55213,1.2922e+09
3.28789,-13.8129,-5.73574,55214,1.2922e+09
3.28789,-13.8129,-5.73545,55215,1.2922e+09
3.28789,-13.8129,-5.73533,55216,1.2922e+09
3.28752,-13.8132,-5.73439,55217,1.2922e+09
3.28752,-13.8132,-5.73399,55218,1.2922e+09
3.28715,-13.8134,-5.73468,55219,1.2922e+09
3.28678,-13.8136,-5.73586,55220,1.2922e+09
3.2864,-13.8138,-5.73724,55221,1.2922e+09
3.28566,-13.8143,-5.73785,55222,1.2922e+09
3.28566,-13.8143,-5.73811,55223,1.2922e+09
3.28454,-13.815,-5.73953,55225,1.2922e+09
3.28379,-13.8154,-5.73971,55226,1.2922e+09
3.28341,-13.8157,-5.73891,55227,1.2922e+09
3.28304,-13.8159,-5.73944,55228,1.2922e+09
3.28266,-13.8161,-5.73879,55229,1.2922e+09
3.28192,-13.8166,-5.7385,55230,1.2922e+09
3.28117,-13.817,-5.73838,55231,1.2922e+09
3.2808,-13.8172,-5.73744,55232,1.2922e+09
3.28042,-13.8175,-5.73791,55233,1.2922e+09
3.27968,-13.8179,-5.7381,55234,1.2922e+09
3.2793,-13.8181,-5.73906,55235,1.2922e+09
3.27855,-13.8186,-5.73948,55236,1.2922e+09
3.27818,-13.8188,-5.73879,55237,1.2922e+09
3.27743,-13.8193,-5.73848,55238,1.2922e+09
3.27706,-13.8195,-5.73922,55239,1.2922e+09
3.27668,-13.8197,-5.73866,55240,1.2922e+09
3.27631,-13.82,-5.73929,55241,1.2922e+09
3.27556,-13.8204,-5.73956,55242,1.2922e+09
3.27519,-13.8206,-5.73881,55243,1.2922e+09
3.27519,-13.8206,-5.73848,55244,1.2922e+09
3.27444,-13.8211,-5.73833,55245,1.2922e+09
3.27444,-13.8211,-5.73826,55246,1.2922e+09
3.27444,-13.8211,-5.73823,55247,1.2922e+09
3.27369,-13.8215,-5.73822,55248,1.2922e+09
3.27369,-13.8215,-5.73821,55249,1.2922e+09
3.27369,-13.8215,-5.73821,55250,1.2922e+09
3.27369,-13.8215,-5.7382,55251,1.2922e+09
3.27369,-13.8215,-5.7382,55252,1.2922e+09
3.27369,-13.8215,-5.7382,55253,1.2922e+09
3.27369,-13.8215,-5.7382,55254,1.2922e+09
3.27369,-13.8215,-5.7382,55255,1.2922e+09
3.27369,-13.8215,-5.7382,55256,1.2922e+09
3.27369,-13.8215,-5.7382,55257,1.2922e+09
3.27369,-13.8215,-5.7382,55258,1.2922e+09
3.27369,-13.8215,-5.7382,55259,1.2922e+09
3.27369,-13.8215,-5.7382,55260,1.2922e+09
3.27369,-13.8215,-5.7382,55261,1.2922e+09
3.27369,-13.8215,-5.7382,55262,1.2922e+09
3.27407,-13.8213,-5.73908,55263,1.2922e+09
3.27407,-13.8213,-5.73946,55264,1.2922e+09
3.27407,-13.8213,-5.73963,55265,1.2922e+09
3.27407,-13.8213,-5.7397,55266,1.2922e+09
3.27407,-13.8213,-5.73974,55267,1.2922e+09
3.27407,-13.8213,-5.73975,55268,1.2922e+09
