132011,141065,53259,1.2922e+09
132011,141065,53260,1.2922e+09
132011,141065,53261,1.2922e+09
132011,141065,53262,1.2922e+09
132011,141065,53263,1.2922e+09
132011,141065,53264,1.2922e+09
132011,141065,53266,1.2922e+09
132011,141065,53267,1.2922e+09
132011,141065,53270,1.2922e+09
132011,141065,53272,1.2922e+09
132011,141065,53274,1.2922e+09
132011,141065,53276,1.2922e+09
132011,141065,53277,1.2922e+09
132011,141065,53278,1.2922e+09
132011,141065,53279,1.2922e+09
132011,141065,53280,1.2922e+09
132011,141065,53281,1.2922e+09
132011,141065,53282,1.2922e+09
132011,141065,53283,1.2922e+09
132011,141065,53284,1.2922e+09
132011,141065,53285,1.2922e+09
132011,141065,53286,1.2922e+09
132011,141065,53287,1.2922e+09
132011,141065,53288,1.2922e+09
132011,141065,53289,1.2922e+09
132011,141065,53290,1.2922e+09
132011,141065,53291,1.2922e+09
132011,141065,53292,1.2922e+09
132011,141065,53293,1.2922e+09
132011,141065,53294,1.2922e+09
132011,141065,53295,1.2922e+09
132011,141065,53296,1.2922e+09
132011,141065,53297,1.2922e+09
132011,141065,53298,1.2922e+09
132011,141065,53299,1.2922e+09
132011,141065,53300,1.2922e+09
132011,141065,53301,1.2922e+09
132011,141065,53302,1.2922e+09
132011,141065,53303,1.2922e+09
132011,141065,53304,1.2922e+09
132011,141065,53305,1.2922e+09
132011,141065,53306,1.2922e+09
132011,141065,53307,1.2922e+09
132011,141065,53308,1.2922e+09
132011,141065,53309,1.2922e+09
132011,141065,53310,1.2922e+09
132011,141065,53311,1.2922e+09
132011,141065,53312,1.2922e+09
132011,141065,53313,1.2922e+09
132011,141065,53314,1.2922e+09
132011,141065,53315,1.2922e+09
132011,141065,53316,1.2922e+09
132011,141065,53317,1.2922e+09
132011,141065,53318,1.2922e+09
132011,141065,53319,1.2922e+09
132011,141065,53320,1.2922e+09
132011,141065,53321,1.2922e+09
132011,141065,53322,1.2922e+09
132011,141065,53323,1.2922e+09
132011,141065,53324,1.2922e+09
132011,141065,53325,1.2922e+09
132011,141065,53326,1.2922e+09
132011,141065,53327,1.2922e+09
132011,141065,53328,1.2922e+09
132011,141065,53329,1.2922e+09
132011,141065,53330,1.2922e+09
132011,141065,53331,1.2922e+09
132011,141065,53332,1.2922e+09
132011,141065,53333,1.2922e+09
132011,141065,53334,1.2922e+09
132011,141065,53335,1.2922e+09
132011,141065,53336,1.2922e+09
132011,141065,53337,1.2922e+09
132011,141065,53338,1.2922e+09
132011,141065,53339,1.2922e+09
132011,141065,53340,1.2922e+09
132011,141065,53341,1.2922e+09
132011,141065,53342,1.2922e+09
132011,141065,53343,1.2922e+09
132011,141065,53344,1.2922e+09
132011,141065,53345,1.2922e+09
132011,141065,53346,1.2922e+09
132011,141065,53347,1.2922e+09
132011,141065,53348,1.2922e+09
132011,141065,53349,1.2922e+09
132011,141065,53350,1.2922e+09
132011,141065,53351,1.2922e+09
132011,141065,53352,1.2922e+09
132011,141065,53353,1.2922e+09
132011,141065,53354,1.2922e+09
132011,141065,53355,1.2922e+09
132011,141065,53356,1.2922e+09
132011,141065,53357,1.2922e+09
132011,141065,53358,1.2922e+09
132011,141065,53359,1.2922e+09
132011,141065,53360,1.2922e+09
132011,141065,53361,1.2922e+09
132011,141065,53362,1.2922e+09
132011,141065,53363,1.2922e+09
132011,141065,53364,1.2922e+09
132011,141065,53365,1.2922e+09
132011,141065,53366,1.2922e+09
132011,141065,53367,1.2922e+09
132011,141065,53368,1.2922e+09
132011,141065,53369,1.2922e+09
132011,141065,53370,1.2922e+09
132011,141065,53371,1.2922e+09
132011,141065,53372,1.2922e+09
132011,141065,53373,1.2922e+09
132011,141065,53374,1.2922e+09
132011,141065,53375,1.2922e+09
132011,141065,53376,1.2922e+09
132011,141065,53377,1.2922e+09
132011,141065,53378,1.2922e+09
132011,141065,53379,1.2922e+09
132011,141065,53380,1.2922e+09
132011,141065,53381,1.2922e+09
132011,141065,53382,1.2922e+09
132011,141065,53383,1.2922e+09
132011,141065,53384,1.2922e+09
132011,141065,53385,1.2922e+09
132011,141065,53386,1.2922e+09
132011,141065,53387,1.2922e+09
132011,141065,53388,1.2922e+09
132011,141065,53389,1.2922e+09
132011,141065,53390,1.2922e+09
132011,141065,53391,1.2922e+09
132011,141066,53392,1.2922e+09
132011,141066,53393,1.2922e+09
132012,141068,53394,1.2922e+09
132012,141070,53395,1.2922e+09
132014,141073,53396,1.2922e+09
132015,141077,53397,1.2922e+09
132017,141085,53398,1.2922e+09
132021,141094,53399,1.2922e+09
132025,141102,53400,1.2922e+09
132030,141112,53401,1.2922e+09
132036,141122,53402,1.2922e+09
132042,141133,53403,1.2922e+09
132049,141145,53404,1.2922e+09
132056,141159,53405,1.2922e+09
132064,141173,53406,1.2922e+09
132073,141187,53407,1.2922e+09
132083,141203,53408,1.2922e+09
132093,141220,53409,1.2922e+09
132104,141238,53410,1.2922e+09
132115,141256,53411,1.2922e+09
132127,141275,53412,1.2922e+09
132139,141294,53413,1.2922e+09
132151,141314,53414,1.2922e+09
132164,141335,53415,1.2922e+09
132177,141356,53416,1.2922e+09
132191,141377,53417,1.2922e+09
132205,141398,53418,1.2922e+09
132219,141420,53419,1.2922e+09
132235,141442,53420,1.2922e+09
132249,141463,53421,1.2922e+09
132264,141484,53422,1.2922e+09
132280,141506,53423,1.2922e+09
132296,141528,53424,1.2922e+09
132312,141549,53425,1.2922e+09
132328,141571,53426,1.2922e+09
132345,141593,53427,1.2922e+09
132362,141615,53428,1.2922e+09
132379,141637,53429,1.2922e+09
132396,141658,53430,1.2922e+09
132414,141680,53431,1.2922e+09
132431,141701,53432,1.2922e+09
132449,141723,53433,1.2922e+09
132467,141744,53434,1.2922e+09
132486,141766,53435,1.2922e+09
132503,141787,53436,1.2922e+09
132522,141809,53437,1.2922e+09
132541,141830,53438,1.2922e+09
132559,141852,53439,1.2922e+09
132579,141873,53440,1.2922e+09
132598,141894,53441,1.2922e+09
132618,141916,53442,1.2922e+09
132637,141937,53443,1.2922e+09
132658,141959,53444,1.2922e+09
132677,141979,53445,1.2922e+09
132697,141999,53446,1.2922e+09
132718,142018,53447,1.2922e+09
132739,142039,53448,1.2922e+09
132759,142058,53449,1.2922e+09
132780,142076,53450,1.2922e+09
132801,142095,53451,1.2922e+09
132822,142112,53452,1.2922e+09
132843,142130,53453,1.2922e+09
132866,142147,53454,1.2922e+09
132887,142164,53455,1.2922e+09
132908,142179,53456,1.2922e+09
132930,142194,53457,1.2922e+09
132952,142209,53458,1.2922e+09
132973,142224,53459,1.2922e+09
132995,142237,53460,1.2922e+09
133016,142251,53461,1.2922e+09
133039,142264,53462,1.2922e+09
133060,142277,53463,1.2922e+09
133083,142290,53464,1.2922e+09
133104,142302,53465,1.2922e+09
133126,142314,53466,1.2922e+09
133148,142326,53467,1.2922e+09
133170,142337,53468,1.2922e+09
133191,142348,53469,1.2922e+09
133213,142359,53470,1.2922e+09
133235,142370,53471,1.2922e+09
133256,142380,53472,1.2922e+09
133278,142391,53473,1.2922e+09
133300,142401,53474,1.2922e+09
133322,142410,53475,1.2922e+09
133344,142420,53476,1.2922e+09
133366,142429,53477,1.2922e+09
133387,142438,53478,1.2922e+09
133408,142447,53479,1.2922e+09
133429,142456,53480,1.2922e+09
133451,142464,53481,1.2922e+09
133472,142473,53482,1.2922e+09
133494,142482,53483,1.2922e+09
133515,142490,53484,1.2922e+09
133537,142499,53485,1.2922e+09
133558,142507,53486,1.2922e+09
133579,142516,53487,1.2922e+09
133599,142524,53488,1.2922e+09
133620,142534,53489,1.2922e+09
133641,142544,53490,1.2922e+09
133662,142555,53491,1.2922e+09
133682,142567,53492,1.2922e+09
133703,142579,53493,1.2922e+09
133723,142591,53494,1.2922e+09
133743,142604,53495,1.2922e+09
133762,142617,53496,1.2922e+09
133782,142630,53497,1.2922e+09
133802,142644,53498,1.2922e+09
133822,142659,53499,1.2922e+09
133842,142674,53500,1.2922e+09
133862,142689,53501,1.2922e+09
133881,142705,53502,1.2922e+09
133901,142721,53503,1.2922e+09
133921,142738,53504,1.2922e+09
133940,142754,53505,1.2922e+09
133959,142770,53506,1.2922e+09
133979,142787,53507,1.2922e+09
133998,142805,53508,1.2922e+09
134017,142822,53509,1.2922e+09
134036,142840,53510,1.2922e+09
134055,142857,53511,1.2922e+09
134073,142875,53512,1.2922e+09
134092,142894,53513,1.2922e+09
134110,142911,53514,1.2922e+09
134129,142929,53515,1.2922e+09
134147,142948,53516,1.2922e+09
134165,142966,53517,1.2922e+09
134183,142984,53518,1.2922e+09
134201,143003,53519,1.2922e+09
134219,143021,53520,1.2922e+09
134238,143040,53521,1.2922e+09
134255,143058,53522,1.2922e+09
134273,143078,53523,1.2922e+09
134291,143096,53524,1.2922e+09
134308,143115,53525,1.2922e+09
134325,143133,53526,1.2922e+09
134342,143152,53527,1.2922e+09
134359,143170,53528,1.2922e+09
134376,143189,53529,1.2922e+09
134393,143208,53530,1.2922e+09
134410,143227,53531,1.2922e+09
134427,143246,53532,1.2922e+09
134444,143266,53533,1.2922e+09
134460,143285,53534,1.2922e+09
134477,143304,53535,1.2922e+09
134494,143323,53536,1.2922e+09
134510,143342,53537,1.2922e+09
134526,143361,53538,1.2922e+09
134542,143380,53539,1.2922e+09
134558,143398,53540,1.2922e+09
134575,143418,53541,1.2922e+09
134591,143436,53542,1.2922e+09
134607,143455,53543,1.2922e+09
134623,143474,53544,1.2922e+09
134640,143493,53545,1.2922e+09
134656,143512,53546,1.2922e+09
134672,143530,53547,1.2922e+09
134688,143549,53548,1.2922e+09
134705,143568,53549,1.2922e+09
134721,143586,53550,1.2922e+09
134738,143605,53551,1.2922e+09
134755,143624,53552,1.2922e+09
134771,143643,53553,1.2922e+09
134788,143662,53554,1.2922e+09
134805,143682,53555,1.2922e+09
134822,143701,53556,1.2922e+09
134838,143720,53557,1.2922e+09
134855,143739,53558,1.2922e+09
134872,143758,53559,1.2922e+09
134890,143777,53560,1.2922e+09
134907,143796,53561,1.2922e+09
134924,143815,53562,1.2922e+09
134942,143835,53563,1.2922e+09
134958,143854,53564,1.2922e+09
134976,143873,53565,1.2922e+09
134993,143892,53566,1.2922e+09
135010,143912,53567,1.2922e+09
135028,143931,53568,1.2922e+09
135046,143951,53569,1.2922e+09
135062,143970,53570,1.2922e+09
135079,143990,53571,1.2922e+09
135096,144009,53572,1.2922e+09
135112,144029,53573,1.2922e+09
135129,144049,53574,1.2922e+09
135146,144069,53575,1.2922e+09
135163,144090,53576,1.2922e+09
135179,144111,53577,1.2922e+09
135196,144132,53578,1.2922e+09
135212,144152,53579,1.2922e+09
135228,144174,53580,1.2922e+09
135244,144195,53581,1.2922e+09
135260,144216,53582,1.2922e+09
135276,144238,53583,1.2922e+09
135291,144259,53584,1.2922e+09
135306,144280,53585,1.2922e+09
135321,144302,53586,1.2922e+09
135335,144324,53587,1.2922e+09
135350,144346,53588,1.2922e+09
135364,144368,53589,1.2922e+09
135379,144390,53590,1.2922e+09
135393,144413,53591,1.2922e+09
135407,144435,53592,1.2922e+09
135422,144458,53593,1.2922e+09
135435,144481,53594,1.2922e+09
135448,144504,53595,1.2922e+09
135462,144526,53596,1.2922e+09
135476,144549,53597,1.2922e+09
135489,144572,53598,1.2922e+09
135503,144596,53599,1.2922e+09
135516,144619,53600,1.2922e+09
135530,144642,53601,1.2922e+09
135543,144666,53602,1.2922e+09
135556,144689,53603,1.2922e+09
135570,144712,53604,1.2922e+09
135583,144736,53605,1.2922e+09
135595,144758,53606,1.2922e+09
135609,144781,53607,1.2922e+09
135622,144805,53608,1.2922e+09
135635,144828,53609,1.2922e+09
135649,144851,53610,1.2922e+09
135663,144875,53611,1.2922e+09
135676,144898,53612,1.2922e+09
135690,144922,53613,1.2922e+09
135704,144945,53614,1.2922e+09
135718,144969,53615,1.2922e+09
135732,144992,53616,1.2922e+09
135745,145014,53617,1.2922e+09
135759,145037,53618,1.2922e+09
135773,145060,53619,1.2922e+09
135788,145082,53620,1.2922e+09
135802,145105,53621,1.2922e+09
135818,145128,53622,1.2922e+09
135833,145150,53623,1.2922e+09
135849,145172,53624,1.2922e+09
135866,145194,53625,1.2922e+09
135882,145216,53626,1.2922e+09
135898,145237,53627,1.2922e+09
135915,145258,53628,1.2922e+09
135932,145280,53629,1.2922e+09
135949,145301,53630,1.2922e+09
135966,145321,53631,1.2922e+09
135984,145342,53632,1.2922e+09
136001,145363,53633,1.2922e+09
136019,145383,53634,1.2922e+09
136038,145404,53635,1.2922e+09
136056,145424,53636,1.2922e+09
136074,145444,53637,1.2922e+09
136092,145464,53638,1.2922e+09
136111,145484,53639,1.2922e+09
136130,145503,53640,1.2922e+09
136148,145522,53641,1.2922e+09
136167,145541,53642,1.2922e+09
136186,145560,53643,1.2922e+09
136205,145579,53644,1.2922e+09
136224,145598,53645,1.2922e+09
136244,145618,53646,1.2922e+09
136264,145637,53647,1.2922e+09
136284,145656,53648,1.2922e+09
136304,145675,53649,1.2922e+09
136324,145693,53650,1.2922e+09
136344,145712,53651,1.2922e+09
136363,145730,53652,1.2922e+09
136384,145750,53653,1.2922e+09
136404,145768,53654,1.2922e+09
136425,145786,53655,1.2922e+09
136445,145805,53656,1.2922e+09
136466,145824,53657,1.2922e+09
136487,145842,53658,1.2922e+09
136507,145861,53659,1.2922e+09
136527,145879,53660,1.2922e+09
136548,145897,53661,1.2922e+09
136567,145915,53662,1.2922e+09
136588,145933,53663,1.2922e+09
136608,145951,53664,1.2922e+09
136629,145969,53665,1.2922e+09
136650,145987,53666,1.2922e+09
136670,146005,53667,1.2922e+09
136691,146024,53668,1.2922e+09
136712,146042,53669,1.2922e+09
136733,146060,53670,1.2922e+09
136753,146078,53671,1.2922e+09
136774,146096,53672,1.2922e+09
136794,146114,53673,1.2922e+09
136814,146132,53674,1.2922e+09
136834,146150,53675,1.2922e+09
136854,146168,53676,1.2922e+09
136875,146186,53677,1.2922e+09
136896,146205,53678,1.2922e+09
136916,146224,53679,1.2922e+09
136937,146242,53680,1.2922e+09
136957,146260,53681,1.2922e+09
136977,146278,53682,1.2922e+09
136997,146296,53683,1.2922e+09
137017,146314,53684,1.2922e+09
137037,146331,53685,1.2922e+09
137057,146350,53686,1.2922e+09
137076,146368,53687,1.2922e+09
137097,146386,53688,1.2922e+09
137118,146405,53689,1.2922e+09
137138,146424,53690,1.2922e+09
137157,146442,53691,1.2922e+09
137178,146461,53692,1.2922e+09
137197,146480,53693,1.2922e+09
137217,146498,53694,1.2922e+09
137237,146517,53695,1.2922e+09
137256,146535,53696,1.2922e+09
137276,146553,53697,1.2922e+09
137296,146572,53698,1.2922e+09
137316,146591,53699,1.2922e+09
137336,146609,53700,1.2922e+09
137356,146627,53701,1.2922e+09
137375,146645,53702,1.2922e+09
137395,146663,53703,1.2922e+09
137414,146681,53704,1.2922e+09
137434,146699,53705,1.2922e+09
137454,146717,53706,1.2922e+09
137473,146734,53707,1.2922e+09
137494,146752,53708,1.2922e+09
137514,146770,53709,1.2922e+09
137534,146788,53710,1.2922e+09
137553,146805,53711,1.2922e+09
137573,146822,53712,1.2922e+09
137593,146840,53713,1.2922e+09
137613,146856,53714,1.2922e+09
137633,146873,53715,1.2922e+09
137653,146890,53716,1.2922e+09
137673,146907,53717,1.2922e+09
137693,146924,53718,1.2922e+09
137714,146941,53719,1.2922e+09
137734,146957,53720,1.2922e+09
137755,146974,53721,1.2922e+09
137776,146990,53722,1.2922e+09
137796,147006,53723,1.2922e+09
137816,147021,53724,1.2922e+09
137837,147037,53725,1.2922e+09
137858,147053,53726,1.2922e+09
137879,147068,53727,1.2922e+09
137900,147084,53728,1.2922e+09
137921,147098,53729,1.2922e+09
137942,147114,53730,1.2922e+09
137963,147128,53731,1.2922e+09
137984,147143,53732,1.2922e+09
138005,147157,53733,1.2922e+09
138026,147172,53734,1.2922e+09
138048,147186,53735,1.2922e+09
138069,147200,53736,1.2922e+09
138091,147214,53737,1.2922e+09
138112,147228,53738,1.2922e+09
138134,147241,53739,1.2922e+09
138155,147255,53740,1.2922e+09
138197,147282,53742,1.2922e+09
138219,147295,53743,1.2922e+09
138240,147308,53744,1.2922e+09
138262,147321,53745,1.2922e+09
138283,147334,53746,1.2922e+09
138304,147346,53747,1.2922e+09
138326,147359,53748,1.2922e+09
138347,147372,53749,1.2922e+09
138368,147384,53750,1.2922e+09
138390,147396,53751,1.2922e+09
138411,147408,53752,1.2922e+09
138432,147420,53753,1.2922e+09
138453,147432,53754,1.2922e+09
138475,147444,53755,1.2922e+09
138495,147456,53756,1.2922e+09
138516,147469,53757,1.2922e+09
138538,147481,53758,1.2922e+09
138559,147494,53759,1.2922e+09
138580,147507,53760,1.2922e+09
138600,147520,53761,1.2922e+09
138621,147533,53762,1.2922e+09
138642,147546,53763,1.2922e+09
138663,147559,53764,1.2922e+09
138684,147573,53765,1.2922e+09
138705,147586,53766,1.2922e+09
138726,147600,53767,1.2922e+09
138746,147614,53768,1.2922e+09
138767,147628,53769,1.2922e+09
138788,147642,53770,1.2922e+09
138809,147656,53771,1.2922e+09
138829,147671,53772,1.2922e+09
138850,147686,53773,1.2922e+09
138871,147701,53774,1.2922e+09
138892,147716,53775,1.2922e+09
138912,147732,53776,1.2922e+09
138933,147747,53777,1.2922e+09
138953,147763,53778,1.2922e+09
138974,147779,53779,1.2922e+09
138994,147795,53780,1.2922e+09
139014,147811,53781,1.2922e+09
139034,147827,53782,1.2922e+09
139054,147843,53783,1.2922e+09
139075,147861,53784,1.2922e+09
139095,147878,53785,1.2922e+09
139115,147896,53786,1.2922e+09
139135,147913,53787,1.2922e+09
139155,147932,53788,1.2922e+09
139175,147949,53789,1.2922e+09
139195,147967,53790,1.2922e+09
139215,147985,53791,1.2922e+09
139234,148004,53792,1.2922e+09
139254,148023,53793,1.2922e+09
139273,148042,53794,1.2922e+09
139293,148061,53795,1.2922e+09
139313,148080,53796,1.2922e+09
139331,148099,53797,1.2922e+09
139351,148119,53798,1.2922e+09
139370,148138,53799,1.2922e+09
139389,148158,53800,1.2922e+09
139408,148178,53801,1.2922e+09
139427,148198,53802,1.2922e+09
139446,148218,53803,1.2922e+09
139465,148238,53804,1.2922e+09
139483,148258,53805,1.2922e+09
139502,148279,53806,1.2922e+09
139520,148299,53807,1.2922e+09
139539,148319,53808,1.2922e+09
139558,148339,53809,1.2922e+09
139575,148360,53810,1.2922e+09
139594,148380,53811,1.2922e+09
139611,148400,53812,1.2922e+09
139630,148420,53813,1.2922e+09
139648,148441,53814,1.2922e+09
139666,148461,53815,1.2922e+09
139684,148482,53816,1.2922e+09
139703,148502,53817,1.2922e+09
139720,148522,53818,1.2922e+09
139738,148542,53819,1.2922e+09
139756,148562,53820,1.2922e+09
139774,148582,53821,1.2922e+09
139792,148602,53822,1.2922e+09
139810,148622,53823,1.2922e+09
139828,148642,53824,1.2922e+09
139846,148662,53825,1.2922e+09
139865,148682,53826,1.2922e+09
139883,148702,53827,1.2922e+09
139901,148722,53828,1.2922e+09
139920,148742,53829,1.2922e+09
139938,148762,53830,1.2922e+09
139957,148782,53831,1.2922e+09
139976,148803,53832,1.2922e+09
139994,148823,53833,1.2922e+09
140012,148843,53834,1.2922e+09
140031,148864,53835,1.2922e+09
140050,148884,53836,1.2922e+09
140068,148904,53837,1.2922e+09
140087,148924,53838,1.2922e+09
140105,148944,53839,1.2922e+09
140124,148964,53840,1.2922e+09
140161,149004,53842,1.2922e+09
140180,149024,53843,1.2922e+09
140198,149043,53844,1.2922e+09
140218,149064,53845,1.2922e+09
140237,149084,53846,1.2922e+09
140255,149104,53847,1.2922e+09
140274,149124,53848,1.2922e+09
140292,149144,53849,1.2922e+09
140310,149164,53850,1.2922e+09
140328,149184,53851,1.2922e+09
140346,149205,53852,1.2922e+09
140364,149226,53853,1.2922e+09
140383,149247,53854,1.2922e+09
140401,149269,53855,1.2922e+09
140420,149290,53856,1.2922e+09
140439,149312,53857,1.2922e+09
140456,149333,53858,1.2922e+09
140475,149355,53859,1.2922e+09
140492,149377,53860,1.2922e+09
140510,149398,53861,1.2922e+09
140527,149420,53862,1.2922e+09
140544,149442,53863,1.2922e+09
140561,149464,53864,1.2922e+09
140579,149486,53865,1.2922e+09
140596,149508,53866,1.2922e+09
140614,149531,53867,1.2922e+09
140631,149554,53868,1.2922e+09
140648,149576,53869,1.2922e+09
140664,149598,53870,1.2922e+09
140680,149621,53871,1.2922e+09
140696,149642,53872,1.2922e+09
140712,149665,53873,1.2922e+09
140728,149687,53874,1.2922e+09
140744,149709,53875,1.2922e+09
140759,149732,53876,1.2922e+09
140774,149755,53877,1.2922e+09
140789,149777,53878,1.2922e+09
140804,149800,53879,1.2922e+09
140819,149822,53880,1.2922e+09
140833,149844,53881,1.2922e+09
140847,149868,53882,1.2922e+09
140861,149889,53883,1.2922e+09
140874,149912,53884,1.2922e+09
140888,149935,53885,1.2922e+09
140901,149957,53886,1.2922e+09
140914,149980,53887,1.2922e+09
140927,150002,53888,1.2922e+09
140940,150025,53889,1.2922e+09
140952,150048,53890,1.2922e+09
140964,150071,53891,1.2922e+09
140976,150093,53892,1.2922e+09
140988,150116,53893,1.2922e+09
141000,150138,53894,1.2922e+09
141011,150161,53895,1.2922e+09
141022,150184,53896,1.2922e+09
141044,150228,53898,1.2922e+09
141055,150251,53899,1.2922e+09
141066,150273,53900,1.2922e+09
141077,150296,53901,1.2922e+09
141088,150318,53902,1.2922e+09
141099,150341,53903,1.2922e+09
141111,150364,53904,1.2922e+09
141122,150386,53905,1.2922e+09
141133,150409,53906,1.2922e+09
141144,150431,53907,1.2922e+09
141155,150453,53908,1.2922e+09
141166,150476,53909,1.2922e+09
141178,150498,53910,1.2922e+09
141189,150520,53911,1.2922e+09
141200,150542,53912,1.2922e+09
141213,150565,53913,1.2922e+09
141224,150587,53914,1.2922e+09
141237,150610,53915,1.2922e+09
141250,150633,53916,1.2922e+09
141262,150654,53917,1.2922e+09
141275,150677,53918,1.2922e+09
141287,150698,53919,1.2922e+09
141300,150720,53920,1.2922e+09
141313,150742,53921,1.2922e+09
141326,150764,53922,1.2922e+09
141340,150785,53923,1.2922e+09
141354,150807,53924,1.2922e+09
141367,150828,53925,1.2922e+09
141381,150849,53926,1.2922e+09
141395,150870,53927,1.2922e+09
141409,150891,53928,1.2922e+09
141423,150912,53929,1.2922e+09
141437,150932,53930,1.2922e+09
141451,150952,53931,1.2922e+09
141466,150972,53932,1.2922e+09
141480,150992,53933,1.2922e+09
141494,151012,53934,1.2922e+09
141510,151032,53935,1.2922e+09
141524,151052,53936,1.2922e+09
141539,151072,53937,1.2922e+09
141555,151092,53938,1.2922e+09
141571,151111,53939,1.2922e+09
141587,151131,53940,1.2922e+09
141603,151150,53941,1.2922e+09
141619,151169,53942,1.2922e+09
141635,151188,53943,1.2922e+09
141652,151207,53944,1.2922e+09
141669,151226,53945,1.2922e+09
141686,151244,53946,1.2922e+09
141703,151263,53947,1.2922e+09
141720,151281,53948,1.2922e+09
141737,151300,53949,1.2922e+09
141755,151318,53950,1.2922e+09
141772,151336,53951,1.2922e+09
141790,151354,53952,1.2922e+09
141808,151372,53953,1.2922e+09
141826,151390,53954,1.2922e+09
141844,151408,53955,1.2922e+09
141862,151426,53956,1.2922e+09
141880,151444,53957,1.2922e+09
141899,151461,53958,1.2922e+09
141917,151478,53959,1.2922e+09
141936,151495,53960,1.2922e+09
141954,151512,53961,1.2922e+09
141973,151528,53962,1.2922e+09
141992,151545,53963,1.2922e+09
142012,151561,53964,1.2922e+09
142051,151594,53966,1.2922e+09
142070,151609,53967,1.2922e+09
142090,151624,53968,1.2922e+09
142110,151640,53969,1.2922e+09
142130,151654,53970,1.2922e+09
142150,151669,53971,1.2922e+09
142171,151684,53972,1.2922e+09
142191,151698,53973,1.2922e+09
142211,151713,53974,1.2922e+09
142232,151727,53975,1.2922e+09
142252,151741,53976,1.2922e+09
142272,151755,53977,1.2922e+09
142293,151768,53978,1.2922e+09
142313,151782,53979,1.2922e+09
142334,151795,53980,1.2922e+09
142355,151808,53981,1.2922e+09
142375,151821,53982,1.2922e+09
142397,151834,53983,1.2922e+09
142418,151847,53984,1.2922e+09
142439,151860,53985,1.2922e+09
142460,151873,53986,1.2922e+09
142481,151885,53987,1.2922e+09
142503,151898,53988,1.2922e+09
142524,151910,53989,1.2922e+09
142545,151922,53990,1.2922e+09
142567,151934,53991,1.2922e+09
142588,151946,53992,1.2922e+09
142610,151958,53993,1.2922e+09
142631,151969,53994,1.2922e+09
142652,151981,53995,1.2922e+09
142674,151992,53996,1.2922e+09
142695,152003,53997,1.2922e+09
142716,152014,53998,1.2922e+09
142738,152024,53999,1.2922e+09
142759,152035,54000,1.2922e+09
142780,152046,54001,1.2922e+09
142801,152057,54002,1.2922e+09
142823,152069,54003,1.2922e+09
142844,152080,54004,1.2922e+09
142866,152092,54005,1.2922e+09
142887,152104,54006,1.2922e+09
142908,152115,54007,1.2922e+09
142930,152127,54008,1.2922e+09
142950,152138,54009,1.2922e+09
142971,152150,54010,1.2922e+09
142992,152162,54011,1.2922e+09
143012,152174,54012,1.2922e+09
143033,152186,54013,1.2922e+09
143054,152199,54014,1.2922e+09
143075,152212,54015,1.2922e+09
143096,152224,54016,1.2922e+09
143116,152237,54017,1.2922e+09
143137,152250,54018,1.2922e+09
143157,152262,54019,1.2922e+09
143178,152275,54020,1.2922e+09
143198,152288,54021,1.2922e+09
143218,152300,54022,1.2922e+09
143239,152313,54023,1.2922e+09
143259,152326,54024,1.2922e+09
143279,152339,54025,1.2922e+09
143299,152352,54026,1.2922e+09
143320,152365,54027,1.2922e+09
143340,152377,54028,1.2922e+09
143360,152390,54029,1.2922e+09
143380,152403,54030,1.2922e+09
143400,152416,54031,1.2922e+09
143419,152428,54032,1.2922e+09
143439,152441,54033,1.2922e+09
143459,152453,54034,1.2922e+09
143478,152466,54035,1.2922e+09
143498,152478,54036,1.2922e+09
143517,152490,54037,1.2922e+09
143536,152502,54038,1.2922e+09
143556,152516,54039,1.2922e+09
143576,152528,54040,1.2922e+09
143595,152539,54041,1.2922e+09
143615,152551,54042,1.2922e+09
143634,152562,54043,1.2922e+09
143653,152574,54044,1.2922e+09
143672,152585,54045,1.2922e+09
143691,152596,54046,1.2922e+09
143710,152606,54047,1.2922e+09
143728,152616,54048,1.2922e+09
143747,152625,54049,1.2922e+09
143765,152634,54050,1.2922e+09
143783,152642,54051,1.2922e+09
143800,152651,54052,1.2922e+09
143818,152660,54053,1.2922e+09
143835,152667,54054,1.2922e+09
143853,152675,54055,1.2922e+09
143870,152682,54056,1.2922e+09
143887,152689,54057,1.2922e+09
143903,152696,54058,1.2922e+09
143919,152701,54059,1.2922e+09
143935,152707,54060,1.2922e+09
143950,152712,54061,1.2922e+09
143965,152716,54062,1.2922e+09
143980,152721,54063,1.2922e+09
143995,152724,54064,1.2922e+09
144009,152728,54065,1.2922e+09
144023,152729,54066,1.2922e+09
144037,152730,54067,1.2922e+09
144050,152731,54068,1.2922e+09
144063,152730,54069,1.2922e+09
144076,152730,54070,1.2922e+09
144089,152729,54071,1.2922e+09
144102,152728,54072,1.2922e+09
144115,152727,54073,1.2922e+09
144127,152725,54074,1.2922e+09
144139,152723,54075,1.2922e+09
144150,152720,54076,1.2922e+09
144160,152718,54077,1.2922e+09
144171,152714,54078,1.2922e+09
144181,152711,54079,1.2922e+09
144192,152708,54080,1.2922e+09
144202,152704,54081,1.2922e+09
144212,152701,54082,1.2922e+09
144223,152697,54083,1.2922e+09
144233,152694,54084,1.2922e+09
144243,152690,54085,1.2922e+09
144253,152686,54086,1.2922e+09
144262,152682,54087,1.2922e+09
144271,152677,54088,1.2922e+09
144280,152673,54089,1.2922e+09
144289,152668,54090,1.2922e+09
144297,152664,54091,1.2922e+09
144306,152659,54092,1.2922e+09
144314,152654,54093,1.2922e+09
144323,152650,54094,1.2922e+09
144331,152645,54095,1.2922e+09
144339,152641,54096,1.2922e+09
144347,152636,54097,1.2922e+09
144355,152630,54098,1.2922e+09
144363,152626,54099,1.2922e+09
144371,152621,54100,1.2922e+09
144380,152616,54101,1.2922e+09
144388,152611,54102,1.2922e+09
144396,152606,54103,1.2922e+09
144405,152601,54104,1.2922e+09
144413,152596,54105,1.2922e+09
144422,152590,54106,1.2922e+09
144431,152585,54107,1.2922e+09
144440,152580,54108,1.2922e+09
144449,152574,54109,1.2922e+09
144459,152569,54110,1.2922e+09
144468,152563,54111,1.2922e+09
144479,152558,54112,1.2922e+09
144489,152552,54113,1.2922e+09
144499,152547,54114,1.2922e+09
144510,152541,54115,1.2922e+09
144520,152536,54116,1.2922e+09
144531,152530,54117,1.2922e+09
144543,152525,54118,1.2922e+09
144554,152520,54119,1.2922e+09
144566,152514,54120,1.2922e+09
144578,152510,54121,1.2922e+09
144590,152505,54122,1.2922e+09
144603,152501,54123,1.2922e+09
144616,152499,54124,1.2922e+09
144630,152496,54125,1.2922e+09
144643,152494,54126,1.2922e+09
144657,152494,54127,1.2922e+09
144671,152494,54128,1.2922e+09
144686,152494,54129,1.2922e+09
144699,152494,54130,1.2922e+09
144715,152494,54131,1.2922e+09
144729,152495,54132,1.2922e+09
144744,152495,54133,1.2922e+09
144760,152497,54134,1.2922e+09
144777,152499,54135,1.2922e+09
144794,152501,54136,1.2922e+09
144811,152504,54137,1.2922e+09
144828,152507,54138,1.2922e+09
144846,152511,54139,1.2922e+09
144864,152514,54140,1.2922e+09
144882,152519,54141,1.2922e+09
144900,152523,54142,1.2922e+09
144919,152528,54143,1.2922e+09
144938,152533,54144,1.2922e+09
144957,152538,54145,1.2922e+09
144976,152544,54146,1.2922e+09
144996,152549,54147,1.2922e+09
145016,152556,54148,1.2922e+09
145035,152562,54149,1.2922e+09
145054,152568,54150,1.2922e+09
145074,152574,54151,1.2922e+09
145094,152581,54152,1.2922e+09
145115,152588,54153,1.2922e+09
145135,152596,54154,1.2922e+09
145155,152602,54155,1.2922e+09
145175,152610,54156,1.2922e+09
145196,152617,54157,1.2922e+09
145216,152625,54158,1.2922e+09
145236,152632,54159,1.2922e+09
145257,152640,54160,1.2922e+09
145277,152648,54161,1.2922e+09
145298,152656,54162,1.2922e+09
145339,152671,54164,1.2922e+09
145360,152680,54165,1.2922e+09
145381,152688,54166,1.2922e+09
145402,152696,54167,1.2922e+09
145423,152704,54168,1.2922e+09
145443,152711,54169,1.2922e+09
145464,152719,54170,1.2922e+09
145485,152727,54171,1.2922e+09
145505,152735,54172,1.2922e+09
145526,152743,54173,1.2922e+09
145546,152751,54174,1.2922e+09
145567,152759,54175,1.2922e+09
145587,152767,54176,1.2922e+09
145608,152775,54177,1.2922e+09
145628,152783,54178,1.2922e+09
145649,152790,54179,1.2922e+09
145669,152798,54180,1.2922e+09
145690,152806,54181,1.2922e+09
145710,152813,54182,1.2922e+09
145730,152821,54183,1.2922e+09
145751,152829,54184,1.2922e+09
145771,152837,54185,1.2922e+09
145792,152845,54186,1.2922e+09
145812,152853,54187,1.2922e+09
145833,152861,54188,1.2922e+09
145854,152869,54189,1.2922e+09
145874,152877,54190,1.2922e+09
145894,152885,54191,1.2922e+09
145915,152893,54192,1.2922e+09
145934,152902,54193,1.2922e+09
145955,152910,54194,1.2922e+09
145975,152919,54195,1.2922e+09
145995,152928,54196,1.2922e+09
146014,152937,54197,1.2922e+09
146034,152946,54198,1.2922e+09
146055,152957,54199,1.2922e+09
146074,152966,54200,1.2922e+09
146094,152976,54201,1.2922e+09
146114,152987,54202,1.2922e+09
146134,152997,54203,1.2922e+09
146154,153008,54204,1.2922e+09
146174,153018,54205,1.2922e+09
146192,153028,54206,1.2922e+09
146212,153040,54207,1.2922e+09
146231,153051,54208,1.2922e+09
146251,153062,54209,1.2922e+09
146270,153074,54210,1.2922e+09
146288,153086,54211,1.2922e+09
146308,153099,54212,1.2922e+09
146327,153112,54213,1.2922e+09
146346,153124,54214,1.2922e+09
146364,153137,54215,1.2922e+09
146383,153149,54216,1.2922e+09
146401,153162,54217,1.2922e+09
146419,153175,54218,1.2922e+09
146436,153188,54219,1.2922e+09
146455,153201,54220,1.2922e+09
146472,153214,54221,1.2922e+09
146490,153228,54222,1.2922e+09
146508,153242,54223,1.2922e+09
146526,153256,54224,1.2922e+09
146543,153269,54225,1.2922e+09
146560,153282,54226,1.2922e+09
146578,153296,54227,1.2922e+09
146595,153310,54228,1.2922e+09
146612,153324,54229,1.2922e+09
146629,153337,54230,1.2922e+09
146645,153352,54231,1.2922e+09
146663,153366,54232,1.2922e+09
146679,153380,54233,1.2922e+09
146696,153395,54234,1.2922e+09
146712,153410,54235,1.2922e+09
146728,153424,54236,1.2922e+09
146744,153438,54237,1.2922e+09
146760,153453,54238,1.2922e+09
146776,153468,54239,1.2922e+09
146792,153482,54240,1.2922e+09
146808,153498,54241,1.2922e+09
146824,153513,54242,1.2922e+09
146840,153528,54243,1.2922e+09
146855,153544,54244,1.2922e+09
146871,153560,54245,1.2922e+09
146886,153575,54246,1.2922e+09
146901,153590,54247,1.2922e+09
146916,153606,54248,1.2922e+09
146932,153622,54249,1.2922e+09
146947,153638,54250,1.2922e+09
146961,153654,54251,1.2922e+09
146976,153670,54252,1.2922e+09
146991,153685,54253,1.2922e+09
147006,153702,54254,1.2922e+09
147020,153718,54255,1.2922e+09
147035,153734,54256,1.2922e+09
147050,153750,54257,1.2922e+09
147064,153767,54258,1.2922e+09
147079,153783,54259,1.2922e+09
147093,153799,54260,1.2922e+09
147107,153815,54261,1.2922e+09
147121,153832,54262,1.2922e+09
147135,153848,54263,1.2922e+09
147149,153864,54264,1.2922e+09
147163,153881,54265,1.2922e+09
147176,153897,54266,1.2922e+09
147190,153913,54267,1.2922e+09
147204,153929,54268,1.2922e+09
147218,153946,54269,1.2922e+09
147231,153962,54270,1.2922e+09
147244,153978,54271,1.2922e+09
147258,153994,54272,1.2922e+09
147271,154010,54273,1.2922e+09
147285,154027,54274,1.2922e+09
147298,154043,54275,1.2922e+09
147311,154059,54276,1.2922e+09
147324,154075,54277,1.2922e+09
147338,154091,54278,1.2922e+09
147351,154107,54279,1.2922e+09
147364,154123,54280,1.2922e+09
147390,154155,54282,1.2922e+09
147403,154171,54283,1.2922e+09
147416,154187,54284,1.2922e+09
147430,154203,54285,1.2922e+09
147443,154219,54286,1.2922e+09
147456,154235,54287,1.2922e+09
147469,154251,54288,1.2922e+09
147482,154266,54289,1.2922e+09
147495,154283,54290,1.2922e+09
147508,154299,54291,1.2922e+09
147521,154316,54292,1.2922e+09
147534,154332,54293,1.2922e+09
147547,154349,54294,1.2922e+09
147560,154365,54295,1.2922e+09
147573,154382,54296,1.2922e+09
147586,154400,54297,1.2922e+09
147599,154416,54298,1.2922e+09
147611,154433,54299,1.2922e+09
147624,154450,54300,1.2922e+09
147636,154468,54301,1.2922e+09
147650,154485,54302,1.2922e+09
147662,154502,54303,1.2922e+09
147675,154520,54304,1.2922e+09
147687,154538,54305,1.2922e+09
147699,154555,54306,1.2922e+09
147712,154573,54307,1.2922e+09
147724,154590,54308,1.2922e+09
147737,154608,54309,1.2922e+09
147750,154626,54310,1.2922e+09
147762,154644,54311,1.2922e+09
147774,154662,54312,1.2922e+09
147786,154680,54313,1.2922e+09
147798,154698,54314,1.2922e+09
147810,154717,54315,1.2922e+09
147822,154734,54316,1.2922e+09
147834,154753,54317,1.2922e+09
147846,154771,54318,1.2922e+09
147857,154790,54319,1.2922e+09
147868,154808,54320,1.2922e+09
147880,154826,54321,1.2922e+09
147891,154845,54322,1.2922e+09
147903,154864,54323,1.2922e+09
147914,154883,54324,1.2922e+09
147926,154902,54325,1.2922e+09
147936,154920,54326,1.2922e+09
147947,154939,54327,1.2922e+09
147969,154976,54329,1.2922e+09
147979,154996,54330,1.2922e+09
147990,155014,54331,1.2922e+09
148001,155033,54332,1.2922e+09
148012,155052,54333,1.2922e+09
148022,155071,54334,1.2922e+09
148033,155090,54335,1.2922e+09
148043,155109,54336,1.2922e+09
148053,155128,54337,1.2922e+09
148064,155147,54338,1.2922e+09
148074,155166,54339,1.2922e+09
148084,155184,54340,1.2922e+09
148095,155203,54341,1.2922e+09
148116,155241,54343,1.2922e+09
148126,155260,54344,1.2922e+09
148136,155279,54345,1.2922e+09
148147,155297,54346,1.2922e+09
148157,155316,54347,1.2922e+09
148167,155335,54348,1.2922e+09
148177,155354,54349,1.2922e+09
148188,155373,54350,1.2922e+09
148198,155391,54351,1.2922e+09
148208,155410,54352,1.2922e+09
148219,155429,54353,1.2922e+09
148229,155448,54354,1.2922e+09
148240,155466,54355,1.2922e+09
148250,155485,54356,1.2922e+09
148260,155504,54357,1.2922e+09
148271,155523,54358,1.2922e+09
148281,155541,54359,1.2922e+09
148292,155561,54360,1.2922e+09
148302,155580,54361,1.2922e+09
148313,155598,54362,1.2922e+09
148323,155618,54363,1.2922e+09
148334,155636,54364,1.2922e+09
148345,155656,54365,1.2922e+09
148355,155674,54366,1.2922e+09
148366,155693,54367,1.2922e+09
148377,155712,54368,1.2922e+09
148387,155731,54369,1.2922e+09
148398,155750,54370,1.2922e+09
148409,155768,54371,1.2922e+09
148420,155787,54372,1.2922e+09
148431,155806,54373,1.2922e+09
148442,155825,54374,1.2922e+09
148453,155844,54375,1.2922e+09
148463,155862,54376,1.2922e+09
148475,155882,54377,1.2922e+09
148486,155900,54378,1.2922e+09
148497,155919,54379,1.2922e+09
148509,155938,54380,1.2922e+09
148520,155957,54381,1.2922e+09
148544,155994,54383,1.2922e+09
148555,156012,54384,1.2922e+09
148568,156031,54385,1.2922e+09
148580,156049,54386,1.2922e+09
148592,156068,54387,1.2922e+09
148605,156086,54388,1.2922e+09
148618,156104,54389,1.2922e+09
148631,156123,54390,1.2922e+09
148658,156159,54392,1.2922e+09
148671,156176,54393,1.2922e+09
148684,156194,54394,1.2922e+09
148697,156212,54395,1.2922e+09
148711,156229,54396,1.2922e+09
148725,156246,54397,1.2922e+09
148739,156263,54398,1.2922e+09
148754,156280,54399,1.2922e+09
148768,156297,54400,1.2922e+09
148783,156313,54401,1.2922e+09
148798,156330,54402,1.2922e+09
148813,156346,54403,1.2922e+09
148828,156362,54404,1.2922e+09
148843,156378,54405,1.2922e+09
148858,156394,54406,1.2922e+09
148872,156410,54407,1.2922e+09
148888,156425,54408,1.2922e+09
148903,156441,54409,1.2922e+09
148919,156457,54410,1.2922e+09
148935,156472,54411,1.2922e+09
148951,156488,54412,1.2922e+09
148967,156504,54413,1.2922e+09
148983,156518,54414,1.2922e+09
148998,156533,54415,1.2922e+09
149014,156548,54416,1.2922e+09
149030,156562,54417,1.2922e+09
149046,156577,54418,1.2922e+09
149062,156592,54419,1.2922e+09
149078,156607,54420,1.2922e+09
149094,156621,54421,1.2922e+09
149110,156636,54422,1.2922e+09
149126,156650,54423,1.2922e+09
149141,156664,54424,1.2922e+09
149157,156679,54425,1.2922e+09
149173,156693,54426,1.2922e+09
149190,156708,54427,1.2922e+09
149206,156722,54428,1.2922e+09
149222,156736,54429,1.2922e+09
149238,156750,54430,1.2922e+09
149254,156765,54431,1.2922e+09
149270,156778,54432,1.2922e+09
149286,156793,54433,1.2922e+09
149302,156806,54434,1.2922e+09
149318,156820,54435,1.2922e+09
149334,156834,54436,1.2922e+09
149350,156848,54437,1.2922e+09
149366,156862,54438,1.2922e+09
149381,156875,54439,1.2922e+09
149397,156889,54440,1.2922e+09
149413,156903,54441,1.2922e+09
149429,156917,54442,1.2922e+09
149444,156931,54443,1.2922e+09
149460,156944,54444,1.2922e+09
149476,156958,54445,1.2922e+09
149491,156972,54446,1.2922e+09
149506,156985,54447,1.2922e+09
149522,157000,54448,1.2922e+09
149537,157013,54449,1.2922e+09
149553,157027,54450,1.2922e+09
149568,157041,54451,1.2922e+09
149584,157054,54452,1.2922e+09
149600,157069,54453,1.2922e+09
149615,157082,54454,1.2922e+09
149631,157097,54455,1.2922e+09
149647,157111,54456,1.2922e+09
149662,157125,54457,1.2922e+09
149678,157139,54458,1.2922e+09
149694,157153,54459,1.2922e+09
149710,157168,54460,1.2922e+09
149726,157182,54461,1.2922e+09
149742,157197,54462,1.2922e+09
149758,157211,54463,1.2922e+09
149774,157226,54464,1.2922e+09
149791,157241,54465,1.2922e+09
149807,157256,54466,1.2922e+09
149823,157270,54467,1.2922e+09
149839,157285,54468,1.2922e+09
149855,157299,54469,1.2922e+09
149871,157314,54470,1.2922e+09
149886,157328,54471,1.2922e+09
149902,157342,54472,1.2922e+09
149918,157357,54473,1.2922e+09
149934,157372,54474,1.2922e+09
149950,157387,54475,1.2922e+09
149967,157402,54476,1.2922e+09
149982,157416,54477,1.2922e+09
149999,157431,54478,1.2922e+09
150015,157446,54479,1.2922e+09
150031,157460,54480,1.2922e+09
150047,157474,54481,1.2922e+09
150063,157488,54482,1.2922e+09
150079,157502,54483,1.2922e+09
150095,157517,54484,1.2922e+09
150111,157531,54485,1.2922e+09
150127,157545,54486,1.2922e+09
150143,157559,54487,1.2922e+09
150159,157573,54488,1.2922e+09
150175,157586,54489,1.2922e+09
150191,157601,54490,1.2922e+09
150208,157615,54491,1.2922e+09
150224,157628,54492,1.2922e+09
150240,157642,54493,1.2922e+09
150256,157656,54494,1.2922e+09
150272,157670,54495,1.2922e+09
150289,157684,54496,1.2922e+09
150306,157698,54497,1.2922e+09
150322,157712,54498,1.2922e+09
150338,157726,54499,1.2922e+09
150354,157740,54500,1.2922e+09
150370,157754,54501,1.2922e+09
150386,157767,54502,1.2922e+09
150402,157780,54503,1.2922e+09
150418,157794,54504,1.2922e+09
150435,157807,54505,1.2922e+09
150451,157820,54506,1.2922e+09
150467,157833,54507,1.2922e+09
150483,157846,54508,1.2922e+09
150499,157859,54509,1.2922e+09
150516,157872,54510,1.2922e+09
150548,157898,54512,1.2922e+09
150565,157910,54513,1.2922e+09
150581,157923,54514,1.2922e+09
150599,157936,54515,1.2922e+09
150615,157948,54516,1.2922e+09
150631,157960,54517,1.2922e+09
150648,157973,54518,1.2922e+09
150664,157985,54519,1.2922e+09
150681,157997,54520,1.2922e+09
150697,158009,54521,1.2922e+09
150714,158021,54522,1.2922e+09
150731,158033,54523,1.2922e+09
150747,158045,54524,1.2922e+09
150764,158057,54525,1.2922e+09
150780,158068,54526,1.2922e+09
150796,158080,54527,1.2922e+09
150814,158091,54528,1.2922e+09
150830,158102,54529,1.2922e+09
150847,158114,54530,1.2922e+09
150863,158125,54531,1.2922e+09
150880,158136,54532,1.2922e+09
150897,158148,54533,1.2922e+09
150914,158158,54534,1.2922e+09
150931,158170,54535,1.2922e+09
150947,158180,54536,1.2922e+09
150964,158190,54537,1.2922e+09
150981,158201,54538,1.2922e+09
150997,158212,54539,1.2922e+09
151015,158222,54540,1.2922e+09
151031,158233,54541,1.2922e+09
151048,158243,54542,1.2922e+09
151065,158253,54543,1.2922e+09
151082,158264,54544,1.2922e+09
151099,158274,54545,1.2922e+09
151116,158284,54546,1.2922e+09
151132,158294,54547,1.2922e+09
151149,158305,54548,1.2922e+09
151166,158315,54549,1.2922e+09
151183,158326,54550,1.2922e+09
151200,158336,54551,1.2922e+09
151216,158346,54552,1.2922e+09
151234,158357,54553,1.2922e+09
151251,158368,54554,1.2922e+09
151268,158378,54555,1.2922e+09
151285,158389,54556,1.2922e+09
151302,158399,54557,1.2922e+09
151319,158409,54558,1.2922e+09
151336,158420,54559,1.2922e+09
151353,158431,54560,1.2922e+09
151370,158441,54561,1.2922e+09
151387,158452,54562,1.2922e+09
151404,158463,54563,1.2922e+09
151422,158474,54564,1.2922e+09
151439,158485,54565,1.2922e+09
151455,158496,54566,1.2922e+09
151472,158506,54567,1.2922e+09
151490,158517,54568,1.2922e+09
151506,158528,54569,1.2922e+09
151524,158538,54570,1.2922e+09
151540,158549,54571,1.2922e+09
151557,158560,54572,1.2922e+09
151575,158572,54573,1.2922e+09
151592,158583,54574,1.2922e+09
151609,158594,54575,1.2922e+09
151626,158606,54576,1.2922e+09
151643,158617,54577,1.2922e+09
151659,158629,54578,1.2922e+09
151676,158640,54579,1.2922e+09
151693,158653,54580,1.2922e+09
151709,158666,54581,1.2922e+09
151726,158678,54582,1.2922e+09
151743,158692,54583,1.2922e+09
151759,158705,54584,1.2922e+09
151775,158718,54585,1.2922e+09
151791,158732,54586,1.2922e+09
151807,158745,54587,1.2922e+09
151824,158760,54588,1.2922e+09
151840,158773,54589,1.2922e+09
151856,158788,54590,1.2922e+09
151872,158802,54591,1.2922e+09
151888,158816,54592,1.2922e+09
151904,158831,54593,1.2922e+09
151919,158845,54594,1.2922e+09
151935,158860,54595,1.2922e+09
151951,158875,54596,1.2922e+09
151967,158890,54597,1.2922e+09
151983,158905,54598,1.2922e+09
151999,158920,54599,1.2922e+09
152014,158936,54600,1.2922e+09
152030,158951,54601,1.2922e+09
152045,158966,54602,1.2922e+09
152061,158981,54603,1.2922e+09
152076,158996,54604,1.2922e+09
152091,159012,54605,1.2922e+09
152106,159027,54606,1.2922e+09
152121,159042,54607,1.2922e+09
152136,159057,54608,1.2922e+09
152152,159073,54609,1.2922e+09
152167,159088,54610,1.2922e+09
152182,159104,54611,1.2922e+09
152196,159119,54612,1.2922e+09
152211,159135,54613,1.2922e+09
152226,159150,54614,1.2922e+09
152240,159165,54615,1.2922e+09
152255,159180,54616,1.2922e+09
152269,159196,54617,1.2922e+09
152283,159211,54618,1.2922e+09
152298,159227,54619,1.2922e+09
152312,159242,54620,1.2922e+09
152327,159258,54621,1.2922e+09
152341,159273,54622,1.2922e+09
152356,159288,54623,1.2922e+09
152370,159304,54624,1.2922e+09
152384,159318,54625,1.2922e+09
152399,159333,54626,1.2922e+09
152414,159349,54627,1.2922e+09
152429,159364,54628,1.2922e+09
152444,159378,54629,1.2922e+09
152475,159409,54631,1.2922e+09
152490,159424,54632,1.2922e+09
152506,159438,54633,1.2922e+09
152521,159453,54634,1.2922e+09
152536,159467,54635,1.2922e+09
152551,159482,54636,1.2922e+09
152566,159496,54637,1.2922e+09
152582,159512,54638,1.2922e+09
152598,159526,54639,1.2922e+09
152614,159541,54640,1.2922e+09
152630,159556,54641,1.2922e+09
152645,159570,54642,1.2922e+09
152661,159584,54643,1.2922e+09
152677,159598,54644,1.2922e+09
152692,159612,54645,1.2922e+09
152708,159626,54646,1.2922e+09
152724,159640,54647,1.2922e+09
152740,159654,54648,1.2922e+09
152756,159668,54649,1.2922e+09
152772,159682,54650,1.2922e+09
152788,159696,54651,1.2922e+09
152804,159709,54652,1.2922e+09
152820,159723,54653,1.2922e+09
152835,159736,54654,1.2922e+09
152851,159750,54655,1.2922e+09
152867,159763,54656,1.2922e+09
152883,159776,54657,1.2922e+09
152899,159790,54658,1.2922e+09
152915,159803,54659,1.2922e+09
152931,159817,54660,1.2922e+09
152947,159830,54661,1.2922e+09
152963,159843,54662,1.2922e+09
152979,159856,54663,1.2922e+09
152995,159869,54664,1.2922e+09
153011,159882,54665,1.2922e+09
153027,159895,54666,1.2922e+09
153042,159908,54667,1.2922e+09
153058,159921,54668,1.2922e+09
153074,159934,54669,1.2922e+09
153090,159947,54670,1.2922e+09
153106,159960,54671,1.2922e+09
153122,159973,54672,1.2922e+09
153138,159986,54673,1.2922e+09
153154,160000,54674,1.2922e+09
153170,160013,54675,1.2922e+09
153186,160026,54676,1.2922e+09
153202,160040,54677,1.2922e+09
153218,160053,54678,1.2922e+09
153234,160066,54679,1.2922e+09
153250,160080,54680,1.2922e+09
153266,160094,54681,1.2922e+09
153282,160108,54682,1.2922e+09
153299,160122,54683,1.2922e+09
153315,160136,54684,1.2922e+09
153331,160151,54685,1.2922e+09
153348,160166,54686,1.2922e+09
153364,160180,54687,1.2922e+09
153380,160196,54688,1.2922e+09
153396,160210,54689,1.2922e+09
153413,160226,54690,1.2922e+09
153430,160241,54691,1.2922e+09
153446,160257,54692,1.2922e+09
153463,160273,54693,1.2922e+09
153480,160288,54694,1.2922e+09
153496,160304,54695,1.2922e+09
153513,160321,54696,1.2922e+09
153530,160338,54697,1.2922e+09
153547,160354,54698,1.2922e+09
153563,160370,54699,1.2922e+09
153580,160387,54700,1.2922e+09
153596,160403,54701,1.2922e+09
153612,160420,54702,1.2922e+09
153629,160436,54703,1.2922e+09
153646,160454,54704,1.2922e+09
153662,160470,54705,1.2922e+09
153679,160488,54706,1.2922e+09
153695,160505,54707,1.2922e+09
153712,160522,54708,1.2922e+09
153728,160539,54709,1.2922e+09
153745,160556,54710,1.2922e+09
153761,160572,54711,1.2922e+09
153777,160590,54712,1.2922e+09
153793,160606,54713,1.2922e+09
153809,160624,54714,1.2922e+09
153825,160641,54715,1.2922e+09
153841,160658,54716,1.2922e+09
153856,160676,54717,1.2922e+09
153872,160692,54718,1.2922e+09
153887,160709,54719,1.2922e+09
153903,160726,54720,1.2922e+09
153917,160744,54721,1.2922e+09
153932,160761,54722,1.2922e+09
153948,160779,54723,1.2922e+09
153963,160797,54724,1.2922e+09
153978,160815,54725,1.2922e+09
153993,160833,54726,1.2922e+09
154007,160851,54727,1.2922e+09
154022,160869,54728,1.2922e+09
154036,160887,54729,1.2922e+09
154050,160905,54730,1.2922e+09
154064,160924,54731,1.2922e+09
154078,160942,54732,1.2922e+09
154092,160961,54733,1.2922e+09
154105,160980,54734,1.2922e+09
154119,160999,54735,1.2922e+09
154132,161018,54736,1.2922e+09
154145,161037,54737,1.2922e+09
154158,161056,54738,1.2922e+09
154170,161075,54739,1.2922e+09
154182,161094,54740,1.2922e+09
154195,161114,54741,1.2922e+09
154207,161133,54742,1.2922e+09
154219,161153,54743,1.2922e+09
154230,161172,54744,1.2922e+09
154242,161191,54745,1.2922e+09
154253,161210,54746,1.2922e+09
154264,161229,54747,1.2922e+09
154275,161248,54748,1.2922e+09
154286,161267,54749,1.2922e+09
154296,161286,54750,1.2922e+09
154307,161305,54751,1.2922e+09
154318,161324,54752,1.2922e+09
154328,161344,54753,1.2922e+09
154338,161363,54754,1.2922e+09
154358,161401,54756,1.2922e+09
154367,161420,54757,1.2922e+09
154376,161438,54758,1.2922e+09
154385,161457,54759,1.2922e+09
154394,161476,54760,1.2922e+09
154403,161495,54761,1.2922e+09
154412,161514,54762,1.2922e+09
154421,161533,54763,1.2922e+09
154430,161552,54764,1.2922e+09
154439,161570,54765,1.2922e+09
154447,161589,54766,1.2922e+09
154456,161609,54767,1.2922e+09
154465,161628,54768,1.2922e+09
154474,161646,54769,1.2922e+09
154483,161666,54770,1.2922e+09
154491,161684,54771,1.2922e+09
154500,161703,54772,1.2922e+09
154509,161721,54773,1.2922e+09
154518,161739,54774,1.2922e+09
154527,161758,54775,1.2922e+09
154536,161776,54776,1.2922e+09
154546,161795,54777,1.2922e+09
154556,161814,54778,1.2922e+09
154565,161832,54779,1.2922e+09
154575,161850,54780,1.2922e+09
154586,161869,54781,1.2922e+09
154595,161887,54782,1.2922e+09
154605,161906,54783,1.2922e+09
154616,161924,54784,1.2922e+09
154626,161942,54785,1.2922e+09
154637,161960,54786,1.2922e+09
154648,161978,54787,1.2922e+09
154659,161996,54788,1.2922e+09
154671,162015,54789,1.2922e+09
154683,162033,54790,1.2922e+09
154695,162051,54791,1.2922e+09
154707,162070,54792,1.2922e+09
154719,162088,54793,1.2922e+09
154732,162106,54794,1.2922e+09
154745,162124,54795,1.2922e+09
154758,162141,54796,1.2922e+09
154772,162159,54797,1.2922e+09
154786,162177,54798,1.2922e+09
154799,162195,54799,1.2922e+09
154814,162213,54800,1.2922e+09
154828,162230,54801,1.2922e+09
154842,162248,54802,1.2922e+09
154856,162265,54803,1.2922e+09
154871,162282,54804,1.2922e+09
154886,162299,54805,1.2922e+09
154900,162316,54806,1.2922e+09
154916,162332,54807,1.2922e+09
154931,162349,54808,1.2922e+09
154946,162366,54809,1.2922e+09
154962,162382,54810,1.2922e+09
154977,162399,54811,1.2922e+09
154991,162415,54812,1.2922e+09
155007,162431,54813,1.2922e+09
155022,162446,54814,1.2922e+09
155037,162463,54815,1.2922e+09
155052,162478,54816,1.2922e+09
155068,162494,54817,1.2922e+09
155084,162510,54818,1.2922e+09
155100,162526,54819,1.2922e+09
155116,162542,54820,1.2922e+09
155131,162557,54821,1.2922e+09
155147,162573,54822,1.2922e+09
155163,162588,54823,1.2922e+09
155178,162604,54824,1.2922e+09
155194,162619,54825,1.2922e+09
155210,162635,54826,1.2922e+09
155225,162650,54827,1.2922e+09
155240,162665,54828,1.2922e+09
155256,162681,54829,1.2922e+09
155271,162696,54830,1.2922e+09
155286,162712,54831,1.2922e+09
155301,162727,54832,1.2922e+09
155317,162743,54833,1.2922e+09
155332,162759,54834,1.2922e+09
155347,162774,54835,1.2922e+09
155362,162790,54836,1.2922e+09
155377,162806,54837,1.2922e+09
155392,162822,54838,1.2922e+09
155407,162838,54839,1.2922e+09
155422,162854,54840,1.2922e+09
155436,162870,54841,1.2922e+09
155465,162904,54843,1.2922e+09
155480,162920,54844,1.2922e+09
155494,162937,54845,1.2922e+09
155508,162954,54846,1.2922e+09
155523,162971,54847,1.2922e+09
155538,162988,54848,1.2922e+09
155552,163005,54849,1.2922e+09
155566,163022,54850,1.2922e+09
155580,163039,54851,1.2922e+09
155594,163056,54852,1.2922e+09
155607,163072,54853,1.2922e+09
155620,163089,54854,1.2922e+09
155635,163106,54855,1.2922e+09
155648,163123,54856,1.2922e+09
155662,163140,54857,1.2922e+09
155676,163156,54858,1.2922e+09
155689,163173,54859,1.2922e+09
155703,163190,54860,1.2922e+09
155717,163206,54861,1.2922e+09
155731,163223,54862,1.2922e+09
155745,163240,54863,1.2922e+09
155759,163256,54864,1.2922e+09
155773,163273,54865,1.2922e+09
155787,163290,54866,1.2922e+09
155801,163306,54867,1.2922e+09
155815,163323,54868,1.2922e+09
155829,163339,54869,1.2922e+09
155843,163356,54870,1.2922e+09
155858,163372,54871,1.2922e+09
155872,163388,54872,1.2922e+09
155887,163404,54873,1.2922e+09
155902,163420,54874,1.2922e+09
155916,163436,54875,1.2922e+09
155931,163453,54876,1.2922e+09
155946,163468,54877,1.2922e+09
155962,163484,54878,1.2922e+09
155976,163500,54879,1.2922e+09
155992,163516,54880,1.2922e+09
156007,163532,54881,1.2922e+09
156022,163548,54882,1.2922e+09
156037,163563,54883,1.2922e+09
156052,163578,54884,1.2922e+09
156067,163594,54885,1.2922e+09
156082,163609,54886,1.2922e+09
156097,163624,54887,1.2922e+09
156112,163640,54888,1.2922e+09
156128,163654,54889,1.2922e+09
156144,163670,54890,1.2922e+09
156158,163685,54891,1.2922e+09
156173,163700,54892,1.2922e+09
156188,163715,54893,1.2922e+09
156204,163730,54894,1.2922e+09
156219,163744,54895,1.2922e+09
156234,163759,54896,1.2922e+09
156249,163774,54897,1.2922e+09
156264,163788,54898,1.2922e+09
156279,163803,54899,1.2922e+09
156295,163818,54900,1.2922e+09
156310,163832,54901,1.2922e+09
156325,163846,54902,1.2922e+09
156340,163860,54903,1.2922e+09
156356,163874,54904,1.2922e+09
156371,163887,54905,1.2922e+09
156387,163901,54906,1.2922e+09
156403,163914,54907,1.2922e+09
156418,163928,54908,1.2922e+09
156434,163941,54909,1.2922e+09
156450,163954,54910,1.2922e+09
156465,163967,54911,1.2922e+09
156480,163980,54912,1.2922e+09
156496,163992,54913,1.2922e+09
156511,164004,54914,1.2922e+09
156527,164016,54915,1.2922e+09
156542,164027,54916,1.2922e+09
156557,164038,54917,1.2922e+09
156572,164049,54918,1.2922e+09
156587,164060,54919,1.2922e+09
156603,164071,54920,1.2922e+09
156617,164081,54921,1.2922e+09
156631,164091,54922,1.2922e+09
156646,164100,54923,1.2922e+09
156660,164110,54924,1.2922e+09
156674,164119,54925,1.2922e+09
156688,164128,54926,1.2922e+09
156702,164137,54927,1.2922e+09
156716,164146,54928,1.2922e+09
156730,164155,54929,1.2922e+09
156745,164163,54930,1.2922e+09
156759,164172,54931,1.2922e+09
156772,164180,54932,1.2922e+09
156786,164188,54933,1.2922e+09
156799,164195,54934,1.2922e+09
156813,164203,54935,1.2922e+09
156826,164210,54936,1.2922e+09
156839,164217,54937,1.2922e+09
156853,164225,54938,1.2922e+09
156867,164232,54939,1.2922e+09
156881,164240,54940,1.2922e+09
156894,164246,54941,1.2922e+09
156907,164253,54942,1.2922e+09
156921,164260,54943,1.2922e+09
156934,164267,54944,1.2922e+09
156948,164273,54945,1.2922e+09
156961,164280,54946,1.2922e+09
156974,164286,54947,1.2922e+09
156988,164292,54948,1.2922e+09
157001,164298,54949,1.2922e+09
157015,164304,54950,1.2922e+09
157028,164310,54951,1.2922e+09
157042,164316,54952,1.2922e+09
157055,164322,54953,1.2922e+09
157069,164328,54954,1.2922e+09
157083,164333,54955,1.2922e+09
157095,164338,54956,1.2922e+09
157109,164344,54957,1.2922e+09
157122,164349,54958,1.2922e+09
157136,164354,54959,1.2922e+09
157150,164360,54960,1.2922e+09
157163,164365,54961,1.2922e+09
157177,164370,54962,1.2922e+09
157191,164376,54963,1.2922e+09
157204,164380,54964,1.2922e+09
157218,164385,54965,1.2922e+09
157232,164390,54966,1.2922e+09
157245,164395,54967,1.2922e+09
157259,164400,54968,1.2922e+09
157273,164405,54969,1.2922e+09
157287,164410,54970,1.2922e+09
157300,164414,54971,1.2922e+09
157314,164419,54972,1.2922e+09
157327,164424,54973,1.2922e+09
157341,164429,54974,1.2922e+09
157354,164434,54975,1.2922e+09
157368,164439,54976,1.2922e+09
157382,164444,54977,1.2922e+09
157395,164448,54978,1.2922e+09
157408,164454,54979,1.2922e+09
157422,164459,54980,1.2922e+09
157435,164464,54981,1.2922e+09
157448,164469,54982,1.2922e+09
157462,164474,54983,1.2922e+09
157475,164480,54984,1.2922e+09
157489,164485,54985,1.2922e+09
157503,164491,54986,1.2922e+09
157516,164496,54987,1.2922e+09
157530,164502,54988,1.2922e+09
157544,164507,54989,1.2922e+09
157557,164512,54990,1.2922e+09
157571,164518,54991,1.2922e+09
157584,164522,54992,1.2922e+09
157598,164528,54993,1.2922e+09
157611,164533,54994,1.2922e+09
157624,164538,54995,1.2922e+09
157638,164543,54996,1.2922e+09
157651,164548,54997,1.2922e+09
157664,164552,54998,1.2922e+09
157677,164557,54999,1.2922e+09
157690,164562,55000,1.2922e+09
157703,164567,55001,1.2922e+09
157716,164571,55002,1.2922e+09
157728,164576,55003,1.2922e+09
157741,164580,55004,1.2922e+09
157754,164585,55005,1.2922e+09
157766,164589,55006,1.2922e+09
157779,164593,55007,1.2922e+09
157791,164597,55008,1.2922e+09
157803,164601,55009,1.2922e+09
157815,164604,55010,1.2922e+09
157827,164608,55011,1.2922e+09
157839,164611,55012,1.2922e+09
157851,164615,55013,1.2922e+09
157863,164618,55014,1.2922e+09
157875,164621,55015,1.2922e+09
157886,164624,55016,1.2922e+09
157898,164627,55017,1.2922e+09
157908,164629,55018,1.2922e+09
157920,164632,55019,1.2922e+09
157931,164634,55020,1.2922e+09
157942,164636,55021,1.2922e+09
157953,164638,55022,1.2922e+09
157964,164640,55023,1.2922e+09
157975,164642,55024,1.2922e+09
157986,164644,55025,1.2922e+09
157997,164645,55026,1.2922e+09
158008,164646,55027,1.2922e+09
158018,164646,55028,1.2922e+09
158029,164647,55029,1.2922e+09
158040,164646,55030,1.2922e+09
158050,164646,55031,1.2922e+09
158060,164646,55032,1.2922e+09
158070,164646,55033,1.2922e+09
158080,164645,55034,1.2922e+09
158090,164644,55035,1.2922e+09
158100,164642,55036,1.2922e+09
158109,164641,55037,1.2922e+09
158119,164639,55038,1.2922e+09
158128,164638,55039,1.2922e+09
158138,164636,55040,1.2922e+09
158147,164634,55041,1.2922e+09
158156,164632,55042,1.2922e+09
158166,164630,55043,1.2922e+09
158175,164628,55044,1.2922e+09
158184,164625,55045,1.2922e+09
158193,164623,55046,1.2922e+09
158203,164620,55047,1.2922e+09
158212,164618,55048,1.2922e+09
158220,164615,55049,1.2922e+09
158230,164612,55050,1.2922e+09
158238,164609,55051,1.2922e+09
158248,164607,55052,1.2922e+09
158256,164604,55053,1.2922e+09
158266,164601,55054,1.2922e+09
158274,164598,55055,1.2922e+09
158283,164596,55056,1.2922e+09
158293,164593,55057,1.2922e+09
158302,164590,55058,1.2922e+09
158311,164588,55059,1.2922e+09
158321,164585,55060,1.2922e+09
158330,164582,55061,1.2922e+09
158340,164579,55062,1.2922e+09
158349,164577,55063,1.2922e+09
158359,164574,55064,1.2922e+09
158369,164571,55065,1.2922e+09
158379,164568,55066,1.2922e+09
158389,164566,55067,1.2922e+09
158399,164563,55068,1.2922e+09
158410,164561,55069,1.2922e+09
158421,164559,55070,1.2922e+09
158432,164558,55071,1.2922e+09
158443,164558,55072,1.2922e+09
158455,164558,55073,1.2922e+09
158467,164558,55074,1.2922e+09
158479,164559,55075,1.2922e+09
158491,164560,55076,1.2922e+09
158503,164560,55077,1.2922e+09
158515,164561,55078,1.2922e+09
158528,164563,55079,1.2922e+09
158541,164565,55080,1.2922e+09
158555,164568,55081,1.2922e+09
158568,164570,55082,1.2922e+09
158582,164574,55083,1.2922e+09
158596,164577,55084,1.2922e+09
158610,164581,55085,1.2922e+09
158624,164584,55086,1.2922e+09
158638,164588,55087,1.2922e+09
158652,164592,55088,1.2922e+09
158667,164596,55089,1.2922e+09
158681,164600,55090,1.2922e+09
158695,164604,55091,1.2922e+09
158710,164609,55092,1.2922e+09
158725,164613,55093,1.2922e+09
158740,164617,55094,1.2922e+09
158755,164622,55095,1.2922e+09
158770,164626,55096,1.2922e+09
158784,164630,55097,1.2922e+09
158799,164635,55098,1.2922e+09
158814,164639,55099,1.2922e+09
158829,164644,55100,1.2922e+09
158844,164648,55101,1.2922e+09
158859,164653,55102,1.2922e+09
158875,164658,55103,1.2922e+09
158889,164662,55104,1.2922e+09
158904,164666,55105,1.2922e+09
158919,164670,55106,1.2922e+09
158933,164675,55107,1.2922e+09
158947,164679,55108,1.2922e+09
158963,164683,55109,1.2922e+09
158977,164688,55110,1.2922e+09
158992,164692,55111,1.2922e+09
159006,164697,55112,1.2922e+09
159021,164701,55113,1.2922e+09
159035,164706,55114,1.2922e+09
159050,164710,55115,1.2922e+09
159064,164714,55116,1.2922e+09
159079,164719,55117,1.2922e+09
159093,164724,55118,1.2922e+09
159107,164728,55119,1.2922e+09
159122,164732,55120,1.2922e+09
159136,164737,55121,1.2922e+09
159150,164742,55122,1.2922e+09
159164,164746,55123,1.2922e+09
159178,164751,55124,1.2922e+09
159193,164756,55125,1.2922e+09
159207,164760,55126,1.2922e+09
159221,164765,55127,1.2922e+09
159236,164770,55128,1.2922e+09
159250,164774,55129,1.2922e+09
159264,164779,55130,1.2922e+09
159278,164784,55131,1.2922e+09
159292,164788,55132,1.2922e+09
159306,164793,55133,1.2922e+09
159320,164798,55134,1.2922e+09
159335,164802,55135,1.2922e+09
159348,164807,55136,1.2922e+09
159363,164812,55137,1.2922e+09
159377,164817,55138,1.2922e+09
159391,164821,55139,1.2922e+09
159405,164826,55140,1.2922e+09
159419,164830,55141,1.2922e+09
159433,164835,55142,1.2922e+09
159447,164839,55143,1.2922e+09
159461,164844,55144,1.2922e+09
159475,164848,55145,1.2922e+09
159489,164852,55146,1.2922e+09
159503,164857,55147,1.2922e+09
159517,164861,55148,1.2922e+09
159531,164866,55149,1.2922e+09
159546,164870,55150,1.2922e+09
159559,164874,55151,1.2922e+09
159573,164878,55152,1.2922e+09
159587,164883,55153,1.2922e+09
159600,164888,55154,1.2922e+09
159614,164892,55155,1.2922e+09
159627,164896,55156,1.2922e+09
159640,164901,55157,1.2922e+09
159653,164905,55158,1.2922e+09
159666,164910,55159,1.2922e+09
159679,164915,55160,1.2922e+09
159692,164920,55161,1.2922e+09
159705,164925,55162,1.2922e+09
159718,164930,55163,1.2922e+09
159731,164936,55164,1.2922e+09
159743,164942,55165,1.2922e+09
159755,164948,55166,1.2922e+09
159768,164954,55167,1.2922e+09
159779,164959,55168,1.2922e+09
159791,164966,55169,1.2922e+09
159803,164972,55170,1.2922e+09
159815,164979,55171,1.2922e+09
159827,164986,55172,1.2922e+09
159839,164993,55173,1.2922e+09
159850,165000,55174,1.2922e+09
159860,165006,55175,1.2922e+09
159871,165013,55176,1.2922e+09
159881,165020,55177,1.2922e+09
159891,165026,55178,1.2922e+09
159900,165033,55179,1.2922e+09
159910,165040,55180,1.2922e+09
159919,165046,55181,1.2922e+09
159929,165053,55182,1.2922e+09
159938,165059,55183,1.2922e+09
159946,165066,55184,1.2922e+09
159954,165072,55185,1.2922e+09
159962,165077,55186,1.2922e+09
159969,165082,55187,1.2922e+09
159976,165088,55188,1.2922e+09
159983,165093,55189,1.2922e+09
159989,165098,55190,1.2922e+09
159995,165104,55191,1.2922e+09
160001,165110,55192,1.2922e+09
160006,165115,55193,1.2922e+09
160011,165120,55194,1.2922e+09
160016,165125,55195,1.2922e+09
160020,165129,55196,1.2922e+09
160024,165134,55197,1.2922e+09
160028,165138,55198,1.2922e+09
160032,165142,55199,1.2922e+09
160035,165146,55200,1.2922e+09
160037,165149,55201,1.2922e+09
160039,165153,55202,1.2922e+09
160042,165156,55203,1.2922e+09
160043,165159,55204,1.2922e+09
160044,165162,55205,1.2922e+09
160046,165164,55206,1.2922e+09
160047,165166,55207,1.2922e+09
160047,165168,55208,1.2922e+09
160048,165169,55209,1.2922e+09
160048,165170,55210,1.2922e+09
160048,165171,55211,1.2922e+09
160048,165172,55212,1.2922e+09
160048,165172,55213,1.2922e+09
160048,165172,55214,1.2922e+09
160048,165172,55215,1.2922e+09
160047,165172,55216,1.2922e+09
160047,165171,55217,1.2922e+09
160047,165171,55218,1.2922e+09
160047,165170,55219,1.2922e+09
160047,165169,55220,1.2922e+09
160046,165168,55221,1.2922e+09
160046,165168,55222,1.2922e+09
160046,165167,55223,1.2922e+09
160045,165166,55224,1.2922e+09
160044,165165,55225,1.2922e+09
160043,165165,55226,1.2922e+09
160043,165164,55227,1.2922e+09
160042,165164,55228,1.2922e+09
160041,165163,55229,1.2922e+09
160040,165162,55230,1.2922e+09
160039,165162,55231,1.2922e+09
160039,165161,55232,1.2922e+09
160038,165160,55233,1.2922e+09
160038,165159,55234,1.2922e+09
160037,165158,55235,1.2922e+09
160036,165158,55236,1.2922e+09
160035,165157,55237,1.2922e+09
160035,165156,55238,1.2922e+09
160034,165156,55239,1.2922e+09
160034,165155,55240,1.2922e+09
160033,165154,55241,1.2922e+09
160032,165154,55242,1.2922e+09
160032,165154,55243,1.2922e+09
160031,165153,55244,1.2922e+09
160031,165153,55245,1.2922e+09
160031,165153,55246,1.2922e+09
160030,165152,55247,1.2922e+09
160030,165152,55248,1.2922e+09
160030,165152,55249,1.2922e+09
160030,165152,55250,1.2922e+09
160030,165152,55251,1.2922e+09
160030,165152,55252,1.2922e+09
160030,165152,55253,1.2922e+09
160030,165152,55254,1.2922e+09
160030,165152,55255,1.2922e+09
160030,165152,55256,1.2922e+09
160030,165152,55257,1.2922e+09
160030,165152,55258,1.2922e+09
160030,165152,55259,1.2922e+09
160030,165152,55260,1.2922e+09
160030,165152,55261,1.2922e+09
160031,165152,55262,1.2922e+09
160031,165152,55263,1.2922e+09
160031,165152,55264,1.2922e+09
160031,165152,55265,1.2922e+09
160031,165152,55266,1.2922e+09
160031,165152,55267,1.2922e+09
160031,165152,55268,1.2922e+09
